train,val
Q86WA6_S_139_A,P31749_K_8_R
Q86WA6_D_244_N,P31749_K_14_Q
Q86WA6_H_272_A,P31749_K_14_R
Q8N4E7_S_204_A,P31749_K_20_Q
Q01973_C_482_G,P31749_T_308_D
Q01974_D_482_G,Q00535_S_159_A
Q00536_K_194_A,O95257_A_47_R
Q00536_K_194_R,O95257_I_76_E
P51857_Y_58_A,O95257_L_80_E
P51857_E_120_A,O95257_A_83_R
P49789_I_10_W,O95257_E_87_K
P49789_L_25_W,O95257_D_89_K
P49789_H_35_N,P21673_Y_140_F
P49789_H_94_N,P07711_C_138_S
P49789_H_96_D,P10275_E_898_A
P49789_H_96_G,P10275_E_898_Q
P49789_H_96_N,P10275_E_898_K
P49789_H_98_N,P10275_E_898_R
P05231_A_173_V,Q9UMS0_G_189_A
P05231_W_185_R,Q9UMS0_G_189_K
P05231_S_204_P,O15091_D_409_N
P05231_R_210_K,O15091_D_478_N
P05231_R_210_E,O15091_D_479_N
P05231_R_210_Q,O15091_P_480_G
P05231_R_210_T,P01236_G_157_D
P05231_R_210_A,P01236_G_157_F
P05231_R_210_P,P01236_G_157_L
P62979_K_48_R,P01236_G_157_N
P62979_K_63_R,P01236_G_157_R
P62979_S_65_D,P01236_G_157_V
P62979_H_68_G,P01236_G_157_Y
P62979_R_72_G,Q9NYG5_C_23_S
Q7L266_T_168_A,Q9NYG5_C_26_S
Q7L266_T_168_C,Q9NYG5_C_34_S
Q7L266_T_168_S,Q9NYG5_C_37_S
Q8TDX7_Y_28_A,Q9NYG5_C_44_S
Q8TDX7_L_31_A,Q9NYG5_C_51_S
Q8TDX7_N_33_D,Q9NYG5_H_53_S
Q8TDX7_Y_97_A,Q9NYG5_H_56_S
Q8TDX7_Y_97_F,Q9NYG5_H_58_S
Q8TDX7_Y_97_L,Q9NYG5_C_59_S
Q9BT30_L_110_Q,Q9NYG5_C_73_S
P35240_S_518_D,Q9NYG5_C_76_S
Q92830_E_575_A,O75365_C_49_A
Q92830_D_615_A,O75365_D_71_A
Q9UKL6_C_63_A,O75365_D_72_A
P21453_E_121_Q,O75365_C_104_A
P21453_F_210_L,O75365_C_104_S
P21453_F_265_L,O75365_A_111_S
P21453_W_269_F,P61619_Y_344_H
P21453_W_269_L,Q9Y2H1_T_75_A
Q9Y6E0_K_65_A,Q00613_K_80_Q
Q9Y6E0_T_190_A,Q00613_K_80_R
O60760_D_96_N,Q00613_T_120_A
O60760_D_97_N,Q00613_S_121_A
P17844_K_53_R,Q00613_S_121_D
P17844_K_144_R,Q01581_C_129_A
P17735_I_294_A,Q01581_C_129_S
Q09013_K_100_A,Q05086_F_750_D
Q96LI5_E_240_A,Q9H221_G_216_D
Q96LI5_F_484_A,P19440_K_100_N
Q96LI5_D_489_A,P19440_E_102_Q
Q96LI5_H_529_A,P19440_R_107_K
Q9NYG8_G_98_I,P19440_R_107_Q
Q9NYG8_W_236_S,P19440_R_107_H
Q96RG2_K_1028_R,P19440_E_108_Q
Q96RG2_R_1058_A,P19440_R_112_Q
Q96RG2_R_1058_K,P19440_R_139_Q
Q96RG2_A_1151_K,P19440_R_147_Q
Q96RG2_Y_1152_F,P19440_R_150_Q
Q96RG2_T_1161_A,P19440_C_192_W
Q96RG2_T_1165_A,P19440_E_193_Y
Q9UGB7_K_127_S,P19440_H_383_A
P15428_Q_148_A,P19440_S_385_A
P15428_Y_151_A,P19440_S_413_A
P15428_Y_151_F,P19440_D_422_A
P15428_K_155_Q,P19440_D_423_A
Q96Q83_R_131_A,P19440_S_425_A
Q96Q83_L_177_A,P19440_S_451_A
Q96Q83_L_177_N,P19440_S_452_A
Q96Q83_L_177_E,P19440_C_454_A
Q96Q83_L_177_Q,P19440_H_505_A
Q96Q83_L_177_I,P19440_Q_545_K
Q96Q83_L_177_M,Q16512_K_644_E
Q96Q83_N_179_A,Q9H816_D_14_N
Q96Q83_Y_181_A,Q9H816_H_33_A
Q96Q83_D_189_A,Q9H816_D_35_N
Q96Q83_H_191_A,P37088_C_394_S
Q96Q83_D_193_A,Q9HCP0_N_169_A
O60704_R_78_A,Q16647_C_441_H
O60704_E_99_A,P09936_Q_73_R
O60704_R_101_A,P09936_C_90_S
O60704_W_113_A,P09936_H_97_Q
O60704_K_158_A,P09936_H_97_N
O60704_T_198_A,P09936_H_161_D
O60704_S_285_A,P09936_H_161_K
Q9UGP5_K_312_A,P09936_H_161_Q
Q9UGP5_D_427_A,P09936_H_161_N
Q9UGP5_D_429_A,P09936_H_161_Y
Q9UGP5_Y_505_A,P09936_F_204_A
Q9UGP5_F_506_G,Q9Y6U3_M_310_D
Q9UGP5_F_506_R,Q9Y6U3_E_314_S
P54762_K_651_R,P10586_C_1548_S
P19474_C_16_A,Q7L1W4_T_44_C
Q00987_C_438_L,P38398_I_26_A
Q00987_C_449_A,P38398_I_26_E
Q00987_C_449_S,Q9Y606_D_146_A
Q00987_H_452_A,Q8IYU8_D_185_A
Q00987_T_455_A,Q8IYU8_D_375_A
Q00987_H_457_S,Q8IYU8_E_386_A
Q00987_C_461_S,P01588_S_127_E
Q00987_C_464_A,P01584_F_233_C
Q00987_C_475_G,P01033_H_30_A
Q00987_C_478_S,P01033_Q_32_A
P41146_Q_107_A,Q9Y4E8_C_298_A
P41146_D_110_A,Q9Y4E8_C_812_A
P41146_D_130_A,P15531_F_60_W
P41146_Y_131_A,P15531_H_118_F
P41146_Q_280_A,P15531_H_118_G
P41146_Y_309_A,Q92729_C_1085_S
Q02297_K_181_E,Q9UHD2_K_30_R
Q02297_K_185_E,Q9UHD2_D_33_A
Q02297_K_187_E,Q9UHD2_K_38_A
Q96RU2_C_171_A,Q9UHD2_D_135_N
P62491_S_25_N,Q9UHD2_S_172_A
P62491_F_36_A,Q9UHD2_S_172_E
P62491_L_38_P,Q9UHD2_L_316_E
P62491_S_40_F,Q9UHD2_Y_325_E
P62491_K_41_A,Q9UHD2_E_355_R
P62491_K_41_P,Q9UHD2_R_357_A
P62491_I_44_A,Q9UHD2_K_401_R
P62491_Q_70_L,Q9UHD2_E_448_R
P62491_R_82_C,Q9UHD2_H_459_E
O94766_E_281_A,Q9UHD2_I_466_E
O94766_C_301_A,Q9UHD2_F_470_E
Q9BYP7_D_294_A,Q9UHD2_R_547_D
Q9BQ50_D_14_A,Q9UHD2_Y_577_A
Q9BQ50_E_16_A,Q9UHD2_N_578_A
Q9BQ50_D_123_A,Q9UHD2_E_580_A
Q13641_K_76_A,Q9UHD2_Q_581_A
Q13641_F_97_T,Q9UHD2_I_582_A
Q13641_Y_325_A,Q9UHD2_K_589_D
O15527_K_249_Q,O43683_K_821_A
O15527_D_268_E,Q9Y2J8_D_123_N
O15527_D_268_Q,Q9Y2J8_D_125_A
O15527_D_268_N,Q9Y2J8_D_166_A
Q6XQN6_D_19_A,Q9Y2J8_D_169_A
Q6XQN6_Y_21_A,Q9Y2J8_D_177_A
Q6XQN6_G_169_A,Q9Y2J8_W_348_A
Q6XQN6_G_209_A,Q9Y2J8_Q_350_A
Q6XQN6_H_213_A,Q9Y2J8_E_354_A
Q6XQN6_D_288_A,Q9Y2J8_D_370_A
Q6XQN6_R_318_A,Q9Y2J8_R_373_A
Q6XQN6_N_357_A,Q9Y2J8_D_374_A
Q96MU7_K_361_L,Q9Y2J8_D_389_A
Q96MU7_S_362_A,Q9Y2J8_E_412_A
Q96MU7_L_387_E,Q9Y2J8_C_647_A
Q96MU7_L_399_E,Q8N1Q8_G_160_A
Q96MU7_F_401_D,Q8N1Q8_D_167_A
Q96MU7_S_402_A,Q8N1Q8_T_183_A
Q96MU7_F_409_D,O60942_E_234_A
Q96MU7_G_411_I,O60942_K_294_A
Q96MU7_W_428_D,O60942_R_299_A
Q96MU7_W_447_D,O60942_E_345_A
Q96MU7_N_466_D,O60942_K_458_A
Q96MU7_R_475_D,O60942_K_460_A
Q96MU7_D_476_K,O60942_R_528_A
Q9NX09_S_103_L,O60942_R_530_A
Q9NX09_S_103_W,O60942_D_532_A
Q9NX09_R_133_A,O60942_K_533_A
Q9NX09_S_137_A,Q3MIT2_D_344_A
Q9NX09_S_137_D,Q5TA50_F_42_A
Q9NX09_P_139_A,Q5TA50_L_43_R
Q9NX09_C_140_S,Q5TA50_F_50_R
Q96HS1_H_105_A,Q5TA50_I_53_N
Q9NXA8_T_69_A,Q5TA50_D_56_V
Q9NXA8_R_105_M,Q5TA50_K_60_A
Q9NXA8_H_158_A,Q5TA50_R_97_L
P06702_E_36_Q,Q5TA50_R_106_L
P06702_M_63_A,Q5TA50_R_110_L
P06702_E_78_Q,Q5TA50_R_113_E
P06702_M_81_A,Q5TA50_R_113_L
P06702_M_83_A,Q5TA50_W_117_A
P10646_K_64_I,Q5TA50_L_118_R
P10646_R_135_L,Q5TA50_Y_149_A
P10646_R_227_L,Q5TA50_V_158_N
P60891_S_132_A,Q9NPI6_D_20_A
P60891_S_132_F,Q9NPI6_R_59_A
P60891_N_144_H,P54753_K_665_R
P60891_Y_146_F,Q8WYN0_C_81_A
P60891_Y_146_M,Q9Y3R4_D_46_A
O95747_K_46_A,Q9Y3R4_E_218_A
O95747_K_46_M,Q9Y3R4_E_218_Q
Q9UBZ9_D_570_A,Q9Y3R4_Q_270_E
Q9UBZ9_E_571_A,P49427_N_85_Q
Q96GX9_Q_96_A,P49427_Y_87_A
Q96GX9_C_97_A,P49427_C_93_S
Q96GX9_H_115_A,P49427_C_93_A
Q96GX9_E_139_A,P49427_S_95_D
Q9UBL3_R_296_K,P49427_L_97_S
Q9UBL3_R_300_K,P49427_E_112_A
Q9H0H5_F_289_G,P49427_S_129_L
Q9H0H5_K_292_L,P49427_S_129_R
Q9H0H5_R_306_L,P49427_E_133_R
Q9H0H5_F_309_A,P49427_S_138_A
Q9H0H5_C_316_G,P49427_D_143_A
Q9H0H5_R_385_A,P49427_M_147_A
Q13822_S_170_E,P49427_R_149_A
Q13822_T_210_A,P49427_K_150_A
Q13822_F_211_Y,P49427_E_153_A
Q13822_A_218_V,Q9ULW5_T_77_N
Q13822_N_231_A,Q9ULW5_N_177_I
Q13822_Y_307_Q,P10619_S_178_A
Q13822_H_316_Q,P10619_H_457_Q
Q13822_H_360_Q,P15260_V_61_Q
P48426_G_131_L,P62068_C_44_S
P48426_Y_138_F,P13569_M_1137_R
Q9Y2Z4_S_200_E,P13569_I_1139_V
Q9Y2Z4_Q_202_A,P13569_D_1154_G
Q93009_C_223_A,Q9NUN7_D_19_G
Q93009_C_223_S,Q9NUN7_E_22_G
Q93009_H_456_A,Q9NUN7_N_24_G
Q93009_H_464_A,Q9NUN7_S_99_A
Q9BVM4_E_82_A,Q9NUN7_Y_149_A
Q9BVM4_E_82_Q,Q9NUN7_S_228_A
Q9H0P0_D_88_N,Q6NS38_D_173_A
Q9H0P0_F_89_A,Q6NS38_H_236_A
Q9H0P0_D_90_N,O76064_C_406_S
Q9H0P0_E_135_D,P00492_K_69_A
Q9H0P0_D_232_N,Q9UQQ1_E_416_A
Q9H0P0_F_233_A,Q9BXW9_S_222_A
Q9H0P0_D_234_N,P08263_Y_9_F
O15217_Y_9_F,P08263_I_71_A
Q86TM6_C_329_S,P08263_I_71_V
Q96AB6_C_75_A,P08263_A_216_H
Q96AB6_C_75_S,Q8NFU3_C_79_A
Q96AB6_C_75_T,Q8NFU3_C_79_S
P08631_K_290_E,Q92743_S_328_A
P08631_E_305_A,O43809_L_218_R
P08631_D_381_E,Q9BSA9_R_35_A
P08631_Y_411_A,Q9BSA9_F_39_V
P08631_Y_522_F,Q9BSA9_S_40_A
Q9Y5P4_E_472_A,Q9BSA9_D_41_A
Q9Y5P4_Q_493_A,Q9BSA9_D_41_E
Q9Y5P4_W_499_A,Q9BSA9_D_41_N
Q9Y5P4_N_530_A,Q9BSA9_I_46_N
Q9Y5P4_W_588_A,Q9BSA9_V_50_A
P20132_C_303_A,Q9BSA9_L_53_A
Q9H3L0_F_165_A,Q9BSA9_I_271_N
Q9H3L0_M_186_A,Q9BSA9_L_275_A
Q9H3L0_W_189_A,Q9BSA9_L_278_A
Q9H3L0_C_212_A,Q9NPJ3_N_50_A
Q9H3L0_Y_237_A,Q9NPJ3_D_65_A
Q9H3L0_R_266_A,Q9NPJ3_D_65_E
Q9H3L0_W_270_A,Q9NPJ3_D_65_N
Q9H3L0_S_278_A,Q9NPJ3_S_83_A
Q9H3L0_F_280_A,Q9UI30_L_8_D
Q5VVQ6_C_160_S,Q9UI30_L_9_D
Q9Y4P1_C_74_S,Q9UI30_I_113_D
Q9Y4P1_W_142_A,Q8IU85_K_52_A
Q9Y4P1_R_229_A,P30711_H_176_Q
Q9Y4P1_D_278_A,P30711_W_234_R
Q9Y4P1_H_280_A,P41180_R_69_E
P43155_Y_452_F,P41180_N_102_I
P43155_T_465_A,P41180_T_145_A
P43155_R_518_Q,P41180_S_147_A
P43155_F_566_A,P41180_S_170_A
P43155_F_566_Y,P41180_Y_218_S
Q6NYC1_Y_131_F,P41180_E_297_I
Q6NYC1_H_187_A,P41180_S_417_L
Q6NYC1_D_189_A,P41180_W_458_A
Q6NYC1_K_204_A,P41180_C_482_S
Q6NYC1_E_231_A,P41180_C_482_Y
Q6NYC1_H_273_A,O94762_D_157_A
Q6NYC1_T_285_A,Q13415_R_720_Q
Q6NYC1_N_287_A,Q13418_E_359_K
Q9H1R2_C_85_S,Q6P988_S_232_A
O75554_W_150_A,Q7KZI7_T_208_A
O75554_W_191_A,Q9H9Z2_H_147_A
P28907_C_119_K,Q9H9Z2_H_169_A
P28907_C_119_R,Q9UL25_Q_78_L
P28907_C_119_E,P49841_R_96_A
P28907_C_119_A,P14384_E_281_Q
P28907_C_160_A,Q9Y2V2_H_76_Q
P28907_C_173_A,P22303_S_234_A
P28907_C_201_D,P22303_E_365_A
P28907_C_201_K,P22303_D_435_N
P28907_C_201_A,P22303_H_478_A
P28907_C_201_E,Q5SQI0_Q_58_A
P23219_S_529_N,Q5SQI0_S_61_A
P27694_C_500_S,Q5SQI0_I_64_A
P27694_C_503_S,Q5SQI0_R_69_A
P27695_C_65_A,Q5SQI0_K_102_A
P27695_C_65_S,Q5SQI0_F_105_A
P27695_N_68_A,Q5SQI0_V_106_A
P27695_D_70_A,Q5SQI0_L_107_A
P27695_C_93_A,Q5SQI0_D_108_A
P27695_E_96_A,Q5SQI0_D_109_A
P27695_C_99_A,Q5SQI0_D_109_R
P27695_C_138_A,Q5SQI0_E_111_A
P27695_Y_171_A,Q5SQI0_E_111_R
P27695_Y_171_F,Q5SQI0_E_115_A
P27695_Y_171_H,Q5SQI0_E_117_A
P27695_C_208_A,Q5SQI0_C_120_A
P27695_D_210_A,Q5SQI0_C_120_S
P27695_D_210_N,Q5SQI0_D_157_E
P27695_N_212_A,Q5SQI0_D_157_N
P27695_N_212_Q,Q5SQI0_R_158_A
P27695_N_212_D,Q5SQI0_N_182_A
P27695_F_266_A,Q5SQI0_F_183_A
P27695_D_283_A,P0C870_H_178_A
P27695_C_296_A,P0C870_D_180_A
P27695_D_308_A,P0C870_H_277_A
P27695_H_309_N,P04155_C_82_S
P27695_H_309_S,Q96LD8_D_10_A
P27695_C_310_A,Q96LD8_W_26_A
P27695_C_310_S,Q96LD8_D_29_A
Q9H7Z6_K_274_A,Q96LD8_D_29_N
Q9H7Z6_K_274_R,Q96LD8_V_58_A
Q9H7Z6_C_316_S,Q96LD8_F_74_A
Q9H7Z6_E_350_Q,Q96LD8_P_77_A
Q9BSD7_E_114_T,Q96LD8_N_91_A
Q9BSD7_G_116_H,Q96LD8_H_102_N
Q9NRG4_E_187_K,Q96LD8_W_103_A
Q9NRG4_E_189_K,Q96LD8_W_103_H
Q9NRG4_E_190_K,Q96LD8_D_119_A
Q9NRG4_H_207_A,Q96LD8_D_119_N
Q9NRG4_Y_240_F,Q96LD8_Q_157_A
Q9NRG4_Y_245_F,Q96LD8_C_163_A
Q9NRG4_D_252_R,Q96RI1_T_456_A
Q9NRG4_R_253_Q,Q96RI1_K_474_R
Q9NRG4_R_306_E,Q9H9S5_D_362_A
Q9NRG4_Y_374_A,P36406_C_34_A
Q9NRG4_E_429_K,P36406_H_53_A
Q9NRG4_E_431_K,Q9UKK9_W_28_A
P53602_N_17_A,Q9UKK9_W_46_A
Q99685_Y_194_F,Q9UKK9_R_51_Q
Q99685_C_201_A,Q9UKK9_R_84_Q
Q99685_C_208_A,Q9UKK9_E_112_Q
Q99685_C_242_A,Q9UKK9_E_116_Q
Q13131_V_307_G,Q9UKK9_E_166_Q
Q13131_V_307_Q,Q96J02_C_871_A
Q9HAS3_S_568_P,P47736_E_207_A
P61956_K_11_R,P47736_H_267_A
P61956_K_33_E,P47736_R_286_A
P61956_K_35_E,P47736_H_287_A
P61956_K_42_E,P47736_N_290_A
O94804_K_65_I,P47736_N_290_K
Q9H227_E_165_D,P47736_D_291_A
Q9H227_E_165_Q,P47736_R_388_A
Q9H227_V_168_Y,P47736_R_388_P
Q9H227_F_225_S,P29317_K_646_M
Q9H227_Y_308_F,Q86UE8_D_613_A
Q9H227_Y_308_A,Q9Y265_D_302_N
Q9H227_E_373_D,P52789_D_209_A
Q9H227_E_373_Q,P52789_D_657_A
Q16513_D_700_E,Q96LW7_L_17_A
Q16513_T_816_A,Q96LW7_L_65_A
Q16513_T_958_A,P26358_C_653_G
P20823_N_127_W,P26358_C_656_G
P20823_E_132_K,P26358_C_659_G
P20823_F_177_S,P26358_C_664_F
P20823_N_202_D,P26358_C_667_G
P20823_V_246_D,P26358_C_670_G
P20823_N_257_W,P26358_C_1226_A
Q9BWF3_Y_37_A,Q99574_N_161_G
Q9BWF3_F_39_A,Q99574_L_162_K
P31941_R_28_E,Q99574_V_163_I
P31941_H_29_A,Q99574_E_289_A
P31941_K_30_F,Q99574_S_340_A
P31941_N_57_A,Q16698_N_148_A
P31941_K_60_A,Q16698_Y_199_A
P31941_R_69_A,Q16698_S_210_A
P31941_H_70_R,Q16698_K_214_A
P31941_E_72_Q,P04424_K_51_N
P31941_W_98_L,P04424_H_89_Q
P31941_C_106_S,O60306_K_829_A
P31941_R_128_A,O60306_Y_1196_A
P31941_Y_130_A,Q8WXF7_R_77_A
P31941_D_131_N,Q8WXF7_K_80_A
P31941_D_133_N,Q8WXF7_F_151_S
P31941_Y_136_A,Q8WXF7_T_162_P
Q13356_Y_389_H,Q8WXF7_H_247_R
Q13356_Y_389_W,Q8WXF7_S_398_Y
Q96DA2_Q_68_L,P49773_V_97_D
Q96MF7_C_169_A,P49773_V_97_E
Q96MF7_C_185_A,P49773_G_105_A
Q96MF7_H_187_A,P49773_S_107_A
Q96MF7_C_210_A,P49773_H_114_A
Q96MF7_C_215_A,P49773_W_123_A
P17213_C_163_A,P50440_D_170_N
P17213_C_166_S,P50440_E_233_K
Q14914_R_56_A,P50440_D_254_N
Q14914_Y_245_A,P50440_H_303_V
Q14914_Y_245_F,P50440_D_305_A
P60953_G_12_V,P50440_R_322_E
P60953_T_17_N,P50440_S_355_A
P60953_Q_61_L,P50440_C_407_S
O14684_Q_36_E,P50440_C_410_A
O14684_D_49_A,Q9NR71_G_124_R
O14684_D_49_N,Q9NR71_H_194_A
O14684_E_66_A,Q9NR71_H_196_A
O14684_R_67_A,Q9NR71_A_211_R
O14684_R_70_A,Q9NR71_R_257_A
O14684_R_70_S,Q9NR71_S_258_A
O14684_H_72_A,Q9NR71_H_303_A
O14684_R_73_A,Q9NR71_D_352_S
O14684_R_73_L,Q9NR71_S_354_A
O14684_R_110_A,Q9NR71_C_362_A
O14684_R_110_S,Q9NR71_S_374_A
O14684_R_110_T,Q9NR71_S_396_A
O14684_T_114_V,Q9NR71_G_465_R
O14684_Y_117_A,Q9NR71_E_540_A
O14684_Y_117_F,Q9NR71_Y_579_F
O14684_R_126_A,Q9NR71_Y_591_F
O14684_R_126_L,Q9NR71_S_595_A
O14684_R_126_K,Q9NR71_S_729_A
O14684_R_126_Q,Q13882_W_44_A
O14684_S_127_A,Q13882_Y_66_A
O14684_Y_130_I,Q13882_R_105_L
O14684_Q_134_E,Q13882_W_184_A
O15530_S_241_A,Q13882_K_219_M
O15530_A_277_V,Q13882_K_219_R
O15530_S_410_A,Q13882_Y_342_A
O15530_T_513_E,Q9P2T1_C_186_A
Q9UNE7_K_30_A,Q9P2T1_T_188_A
Q16878_R_60_Q,Q9P2T1_E_289_Q
Q16878_C_93_S,O14638_K_204_A
Q16878_Y_157_F,O14638_N_227_A
Q16878_C_164_S,O14638_E_275_A
Q03426_E_19_D,P55011_R_294_A
Q03426_I_56_A,P62877_C_53_A
Q03426_T_104_A,P62877_C_56_A
Q03426_S_145_A,P62877_C_75_A
Q03426_S_146_A,P62877_H_77_A
Q03426_Y_149_A,Q13153_H_83_L
Q03426_E_193_Q,Q13153_H_86_L
Q03426_I_196_A,Q13153_L_107_F
Q03426_S_201_A,Q13153_K_299_R
Q03426_D_204_A,Q13153_D_389_N
Q03426_D_204_N,Q13153_D_393_A
Q03426_T_243_A,Q13153_T_423_A
Q03426_E_296_Q,Q13153_T_423_E
Q9NS91_I_27_A,Q05193_K_44_A
P80192_K_171_A,Q6PHR2_K_44_R
P80192_T_304_A,Q6PHR2_K_139_R
P80192_T_305_A,P07814_F_1097_A
P80192_T_312_A,P07814_F_1097_W
O14757_K_38_R,P07814_R_1152_K
O14757_D_130_A,P07814_R_1152_L
P16455_Y_114_A,O75319_H_166_G
P16455_Y_114_E,O75319_C_199_S
P16455_R_128_A,O75319_H_201_A
P16455_R_128_D,O75319_N_204_A
P16455_R_128_G,O75319_R_239_K
P16455_R_128_K,O43765_C_38_A
P16455_R_128_L,Q8IWT1_C_58_A
P16455_C_145_A,Q06278_G_1269_R
P16455_Y_158_A,P10768_L_54_A
P16455_Y_158_F,P10768_S_149_A
Q8NHV1_R_103_D,P10768_S_149_T
Q8NHV1_E_136_W,P10768_M_150_A
P51617_D_340_N,P10768_D_226_A
P51617_T_387_A,P10768_D_226_N
O00267_R_696_K,P10768_H_260_A
O00267_R_698_A,P10768_H_260_Q
O00267_R_698_K,O14607_H_1093_A
O00267_G_1002_D,O14607_S_1138_G
Q9H2K2_M_1054_V,O14607_P_1214_I
Q15208_K_118_A,Q13569_N_140_A
Q15208_S_281_A,Q13569_A_145_G
Q9H2K8_D_165_A,Q13569_H_151_A
Q9H2K8_T_181_A,Q13569_H_151_Q
Q9H2K8_Y_183_F,Q13569_N_191_A
Q06124_C_459_S,Q13569_T_197_A
Q9NRX4_K_21_A,Q13569_R_281_A
Q9NRX4_R_45_A,Q13569_E_310_Q
Q9NRX4_H_53_A,Q13569_F_315_A
Q9NRX4_R_78_A,Q15561_D_266_A
Q9NRX4_S_94_A,Q15561_K_297_A
Q9NRX4_H_102_A,Q15561_W_299_A
P09488_Y_7_F,Q15561_F_373_A
P09488_H_108_Q,Q15561_L_380_A
P09488_H_108_S,Q15561_E_391_A
P09488_M_109_I,Q15561_F_393_A
P09488_Y_116_A,Q15561_H_427_A
P09488_Y_116_F,Q15561_Y_429_A
P29466_C_285_A,P35226_K_62_A
P29466_C_285_S,P35226_R_64_A
P29466_W_294_A,P35226_K_73_N
P29466_I_318_N,P35226_D_77_E
P29466_K_320_A,Q13188_K_56_R
Q8NBK3_S_333_A,P49662_C_258_A
Q8NBK3_S_333_T,P49662_C_258_S
Q8NBK3_C_336_S,Q9UBT2_N_56_A
Q8NBK3_H_337_A,Q9UBT2_L_57_A
Q8NBK3_Y_340_F,Q9UBT2_R_59_A
Q8NBK3_C_341_S,Q9UBT2_K_72_A
P62820_N_124_I,Q9UBT2_D_117_A
O95989_G_50_A,Q9UBT2_C_173_A
O95989_G_50_V,Q9UBT2_T_174_A
O95989_G_51_A,Q9UBT2_H_184_Q
O95989_G_52_A,P47897_H_175_A
O95989_G_52_V,Q9C035_C_15_A
O95989_E_66_Q,Q9UBD6_F_74_L
O95989_E_70_Q,Q9UBD6_V_137_I
O95989_G_72_A,Q9UBD6_D_177_N
O95989_G_75_A,Q9UBD6_F_235_V
O95989_G_78_A,Q9Y239_V_41_Q
O95989_G_78_V,Q9Y239_L_44_A
O95989_G_82_A,Q9Y239_D_48_K
O95989_F_84_Y,Q9Y239_E_53_K
O95989_H_91_L,Q9Y239_D_54_K
Q6DN90_E_620_K,Q9Y239_E_56_K
O95983_H_30_K,Q9Y239_R_69_E
P33981_D_664_A,Q8TEA1_R_126_A
P33981_T_686_A,Q8TEA1_Y_131_A
Q6PHW0_R_101_A,Q8TEA1_K_159_A
Q6PHW0_R_101_H,Q8TEA1_K_160_A
Q6PHW0_F_105_A,Q8TEA1_R_181_A
Q6PHW0_F_105_Y,Q8TEA1_L_218_A
Q6PHW0_I_116_V,Q8TEA1_N_220_A
P43490_D_219_N,Q8TEA1_S_223_A
P43490_D_219_S,Q8TEA1_K_248_A
P43490_H_247_A,Q8TEA1_D_266_A
P43490_R_311_D,Q8TEA1_K_271_A
P46063_K_119_A,Q8TEA1_D_293_A
P42765_C_92_A,Q8TEA1_D_323_A
P42765_C_92_S,Q8TEA1_C_373_A
P42765_C_382_S,Q8TEA1_F_458_A
Q15831_K_48_R,Q9GZT9_C_201_A
Q15831_K_78_I,Q9GZT9_C_208_A
Q15831_K_78_M,Q9GZT9_R_252_A
Q15831_K_96_R,Q9GZT9_D_254_A
Q15831_K_97_R,Q9GZT9_D_254_K
Q15831_D_194_A,Q9GZT9_C_266_A
Q15831_F_204_A,Q9GZT9_C_283_A
Q9NPH0_R_58_A,Q9GZT9_C_302_A
Q9NPH0_H_59_A,Q9GZT9_Y_303_F
Q9NPH0_R_62_A,Q9GZT9_C_323_A
Q9NPH0_Y_106_F,Q9GZT9_C_326_A
Q9NPH0_Y_110_F,Q9GZT9_R_383_A
Q9NPH0_R_168_A,Q9NYL2_K_45_M
Q9NPH0_A_257_F,Q9NYL2_T_161_A
Q9NPH0_A_257_L,Q9NYL2_T_162_A
Q9NPH0_A_257_W,Q9NYL2_S_165_A
Q9NPH0_S_285_W,O14842_E_145_A
Q9NPH0_L_289_W,O14842_E_172_A
Q9NPH0_H_334_A,Q9UPY3_F_960_A
Q9NPH0_D_335_A,Q9UPY3_Y_971_A
Q9HC16_R_213_A,Q9UPY3_Y_972_A
Q9HC16_R_213_E,Q9UPY3_E_1036_A
Q9HC16_R_215_A,Q9UPY3_E_1313_A
Q9HC16_R_215_E,Q9UPY3_D_1320_A
Q9HC16_T_218_A,Q9UPY3_E_1340_A
Q9HC16_T_218_E,Q9UPY3_Q_1702_A
Q9HC16_C_221_S,Q9UPY3_D_1709_A
Q9HC16_N_244_A,Q9UPY3_P_1729_E
Q9HC16_R_256_E,Q9UPY3_E_1813_A
Q9HC16_H_257_A,P61026_T_23_N
Q9HC16_E_259_A,Q96BI3_H_171_A
Q9HC16_E_259_Q,Q96BI3_H_197_A
Q9HC16_W_285_A,O15033_C_790_A
Q9HC16_C_288_A,Q9BRZ2_C_21_A
Q9HC16_C_291_A,Q9BRZ2_C_24_A
Q9HC16_C_291_S,P19447_K_346_R
Q9HC16_R_313_A,P16591_R_483_Q
Q9HC16_R_313_E,Q15120_N_120_H
Q9HC16_Y_315_A,Q15120_D_121_N
Q9HC16_R_320_A,Q15125_W_68_A
Q9HC16_R_320_E,Q15125_I_75_A
Q9HC16_E_323_Q,Q15125_H_76_A
P10114_G_12_V,Q15125_E_80_A
P10114_T_35_A,Q15125_Y_111_W
P04746_D_212_A,Q15125_M_121_A
P04746_D_212_N,Q15125_M_121_V
P04746_E_248_A,Q15125_E_122_A
P04746_E_248_Q,Q15125_T_125_A
P04746_D_315_A,Q15125_Y_188_A
P04746_D_315_N,Q15125_F_189_A
P24666_C_13_S,Q15125_F_189_L
P24666_Y_132_F,Q15125_N_193_A
P24666_Y_133_F,Q15125_W_196_A
O94817_K_54_D,Q86W47_T_11_D
O94817_V_62_R,Q86W47_S_17_E
O94817_G_63_D,O75907_L_346_W
O94817_K_72_D,O75907_T_371_A
O94817_W_73_A,O75907_Q_375_A
O94817_D_113_V,O75907_W_377_F
O94817_C_122_W,O75907_N_378_A
O94817_A_138_R,O75907_N_378_L
O94817_W_139_F,O75907_V_381_A
O94817_W_139_Y,O75907_V_381_W
Q14654_V_64_M,O75907_H_382_A
O43681_G_46_R,O75907_C_385_W
O43681_K_86_D,O75907_I_386_A
Q99873_V_92_A,O75907_Y_390_A
Q99873_L_93_A,O75907_K_391_A
Q99873_D_94_A,O75907_K_400_L
Q99873_Y_280_A,O75907_R_404_A
Q99873_Y_322_A,O75907_R_404_L
Q99873_L_359_A,O75907_V_407_F
Q16873_S_36_E,O75907_S_411_A
Q16873_T_40_A,O75907_S_411_W
Q16873_R_51_T,O75907_S_411_I
Q16873_R_51_I,O75907_H_415_A
Q16873_N_55_A,O75907_E_416_A
Q16873_Y_59_F,O75907_M_434_A
Q16873_Y_93_F,O75907_M_434_I
Q16873_Y_97_F,O75907_Q_437_A
Q4FZB7_G_229_F,O75907_Q_465_A
Q4FZB7_G_229_Y,O75907_V_469_A
Q4FZB7_S_251_A,P46597_L_11_F
Q4FZB7_W_264_A,P46597_L_31_H
Q4FZB7_F_281_A,P46597_T_296_M
Q4FZB7_F_311_A,P46597_H_318_D
Q99683_K_709_M,P08575_C_853_S
Q99683_K_709_R,Q96P11_C_308_S
Q14019_K_75_A,Q96P11_C_359_S
Q14019_K_130_A,Q99653_E_134_A
Q14019_K_131_A,Q99653_E_175_A
Q14019_K_131_E,O43464_S_306_A
Q14019_K_131_R,Q8NBP7_C_67_A
P02489_N_123_D,Q9BVS4_K_123_A
Q8N159_Y_441_F,Q9BVS4_D_246_A
Q8N159_N_479_A,P20472_D_52_A
Q8N159_Y_485_F,P20472_E_63_V
O14929_D_62_A,P20472_D_91_A
O14929_E_64_A,P20472_E_102_V
O14929_E_187_Q,O00291_F_432_G
O14929_W_199_A,P51649_R_213_A
O14929_E_276_Q,P51649_R_334_A
O14929_D_277_N,P51649_S_498_A
O43353_K_47_A,O15111_T_23_A
O43353_D_146_N,O15111_K_44_A
Q96FJ0_E_292_A,O15111_S_176_A
Q96FJ0_F_332_A,O15111_S_176_E
Q96FJ0_T_353_A,Q10469_R_198_A
Q96FJ0_F_355_A,Q10469_D_217_A
Q96FJ0_S_357_A,Q10469_E_259_A
Q96FJ0_S_358_A,Q10469_Y_294_A
Q96FJ0_D_360_A,Q10469_N_318_A
Q96FJ0_M_370_A,Q10469_Y_344_A
Q96FJ0_C_402_S,Q10469_W_346_A
Q96FJ0_F_407_A,Q10469_D_347_A
Q99538_E_190_K,P43246_K_675_R
Q99538_N_323_D,P15498_C_529_R
Q99538_N_323_Q,P41227_K_136_R
Q99538_N_323_S,P08581_Y_1234_F
Q8N1G2_K_203_A,P08581_Y_1235_F
Q8N1G2_R_228_A,Q8NEJ0_D_73_A
Q8N1G2_K_239_A,Q8NEJ0_L_102_V
Q8N1G2_D_364_A,Q8NEJ0_C_104_S
Q8N1G2_K_404_A,Q8NEJ0_R_110_K
P11086_E_185_A,Q8NEJ0_S_111_A
P11086_E_185_Q,Q13043_K_59_R
P11086_E_185_D,Q13043_T_175_A
P11086_E_219_A,Q13043_T_177_A
P11086_D_267_A,Q13043_T_183_A
P11086_D_267_N,Q14393_R_310_E
Q96RS0_F_655_A,Q14393_K_312_E
Q96RS0_T_673_A,Q05209_S_19_E
Q96RS0_D_696_A,Q05209_R_36_A
Q96RS0_N_704_A,Q05209_R_63_A
Q96RS0_D_719_A,Q05209_Y_64_A
Q96RS0_N_731_A,Q05209_D_66_A
Q96RS0_S_763_A,Q05209_I_67_A
Q96RS0_W_766_A,Q05209_D_199_A
Q96RS0_R_807_A,Q05209_H_200_A
Q96RS0_N_808_A,Q05209_R_270_A
O60231_K_428_A,Q05209_Q_278_A
O60231_D_520_A,Q53FA7_Y_51_A
O60231_H_523_A,Q53FA7_Y_51_F
O60231_S_552_L,Q53FA7_S_151_V
O60231_G_724_N,P49354_K_164_N
Q9NYY3_N_210_A,P49354_N_199_K
Q16654_Y_157_F,P11498_F_1077_A
Q16654_R_161_A,P11498_F_1077_E
P48059_F_42_A,P31939_Y_104_A
P03372_I_386_C,P31939_Y_104_F
Q8IZI9_K_57_A,P31939_D_125_A
Q8IZI9_D_58_A,P31939_D_125_E
Q8IZI9_V_118_A,P31939_D_125_N
Q8IZI9_Q_121_A,P31939_K_137_A
Q8IZI9_F_176_A,P31939_K_137_R
Q8IZI9_F_179_A,P31939_H_213_A
Q9BX68_H_149_A,P31939_H_267_A
Q9BV86_Y_19_A,P14555_R_27_E
Q9BV86_Y_19_F,P14555_K_30_E
Q9BV86_W_20_A,P14555_K_35_E
Q9BV86_W_20_M,P14555_K_57_E
Q9BV86_W_20_Y,P14555_H_67_Q
Q9BV86_W_136_L,P14555_K_72_E
Q9BV86_D_167_A,P14555_R_73_E
Q9BV86_D_167_N,P14555_R_77_E
Q9BV86_D_167_Q,P14555_K_87_E
Q9BV86_N_168_A,P14555_R_94_E
Q9BV86_N_168_K,P14555_K_99_E
Q9BV86_D_177_A,P14555_R_104_E
Q9BV86_D_177_K,P14555_R_120_E
Q9BV86_D_177_N,P14555_K_122_E
Q9BV86_D_180_A,P14555_K_127_E
Q9BV86_D_180_K,P14555_K_128_E
Q9BV86_D_180_N,P14555_K_135_E
Q9BV86_S_182_A,P14555_R_138_D
Q9BV86_S_182_K,P06733_K_281_R
P49888_K_85_A,P06733_L_384_A
P49888_H_107_A,P06733_L_388_A
P49888_S_137_A,Q7Z4W1_N_107_L
P49888_S_137_C,Q7Z4W1_N_107_D
P49888_V_145_E,P51659_Y_347_A
P51449_A_327_F,P51659_E_366_A
P51449_F_378_Q,P51659_D_370_A
P51449_I_397_N,P51659_H_406_A
P16442_E_303_A,P51659_E_408_A
Q9NZK5_W_362_G,P51659_Y_410_A
Q8N5Y8_H_152_A,P51659_D_490_A
Q8N5Y8_H_152_Q,P51659_Y_505_A
Q8N5Y8_Y_182_A,P51659_D_510_A
Q5TDH0_D_252_N,P51659_H_515_A
Q96L73_R_1914_C,P51659_D_517_A
Q96L73_R_1952_W,P51659_H_532_A
Q9BY11_I_125_E,O95271_H_1184_A
Q9BY11_M_126_E,O95271_E_1291_A
Q9UBN7_H_611_A,O00422_D_118_A
P10599_C_32_S,O00422_T_121_A
P10599_C_35_S,O00422_K_126_A
P10599_C_62_S,Q10471_W_282_A
P10599_C_69_S,Q10471_F_361_A
P10599_E_70_A,P35914_E_37_D
P10599_K_72_A,P35914_R_41_M
P10599_C_73_D,P35914_D_42_A
P10599_C_73_S,P35914_D_42_N
P29218_K_36_Q,P35914_E_72_A
P29218_D_93_N,P35914_D_204_A
P29218_S_165_A,P35914_H_233_A
P29218_S_165_I,P35914_C_266_A
P29218_E_213_Q,P35914_E_279_A
O00187_R_444_Q,P35914_D_280_A
P13716_C_122_A,P14618_P_403_A
P13716_C_124_A,P14618_P_408_A
P13716_H_131_A,P14618_S_437_Y
P13716_C_132_A,P14618_H_464_A
P13716_C_223_A,O96017_D_347_A
Q12884_R_123_A,O96017_D_368_N
Q12884_R_123_M,Q8NFA2_R_40_Q
Q12884_R_123_E,Q96JA3_W_407_A
Q12884_E_203_A,P26440_E_286_Q
Q12884_E_203_D,P26440_A_407_E
Q12884_E_203_Q,O95470_E_132_G
Q12884_E_204_A,O95470_C_218_G
Q12884_E_204_D,O95470_C_317_S
Q12884_E_204_Q,O95470_K_353_L
Q12884_S_624_A,Q9BZP6_D_138_A
Q12884_Y_656_F,P52848_K_614_A
Q12884_A_657_F,Q9UMR5_S_111_A
Q12884_A_657_V,Q9UMR5_D_228_A
Q12884_A_657_Q,Q9UMR5_H_283_A
Q12884_A_657_S,Q9UMR5_H_287_A
Q12884_A_657_T,Q9H3N1_C_56_S
Q12884_N_704_A,Q9H3N1_C_59_S
Q92995_W_221_A,Q9H488_R_240_A
Q92995_K_233_A,Q9H488_R_240_C
Q92995_F_273_A,Q9H488_M_262_T
Q92995_M_664_E,Q9H488_S_356_F
Q92995_M_739_E,Q9H488_R_366_W
O00329_R_894_P,P42330_K_75_E
P07451_K_64_H,P53396_K_540_R
P07451_R_67_H,P53396_K_540_Q
P07451_F_197_L,P53396_K_546_R
Q86VW2_L_301_E,P53396_K_546_Q
Q86VW2_F_471_A,P53396_K_554_R
Q86VW2_L_472_A,P53396_K_554_Q
Q86VW2_L_475_A,P53396_H_760_A
Q86VW2_P_478_A,Q14376_S_132_A
Q86VW2_I_479_A,Q14376_Y_157_F
P29320_V_133_E,Q14376_C_307_Y
P29320_F_152_L,P22455_K_503_R
P29320_Y_742_F,Q8IV48_K_111_A
P29320_S_768_A,Q8IV48_K_112_A
P62837_C_85_A,Q8IV48_D_234_A
Q9P246_D_80_A,Q8IV48_M_235_A
Q9P246_E_91_A,Q8IV48_D_298_A
Q9BXR0_D_279_N,P36776_K_529_R
P20155_P_45_A,P36776_W_770_A
P20155_R_46_A,P36776_W_770_P
P20155_H_47_A,P36776_S_855_A
P20155_F_48_A,P36776_T_880_V
P09234_C_25_S,P36776_G_893_A
Q9H1B7_C_715_A,P36776_G_893_P
Q9UKK6_I_114_R,P36776_G_894_A
Q9UKK6_R_134_D,P36776_G_894_S
Q9Y251_E_225_A,O95822_C_206_S
Q9Y251_E_343_A,O95822_C_243_S
Q9Y251_D_367_A,O95822_S_290_F
Q9Y251_E_378_A,O95822_E_302_G
Q9Y251_E_396_A,O95822_S_329_A
Q9Y251_V_414_K,O95822_H_423_N
Q9Y251_K_417_E,O95822_Y_456_S
Q9Y251_P_525_G,Q96FW1_Q_33_R
Q9Y251_F_527_R,Q96FW1_I_37_T
Q9Y251_S_528_K,Q96FW1_Q_39_L
Q9Y251_Y_529_A,Q96FW1_P_87_G
Q9Y251_F_531_R,Q96FW1_D_88_E
Q9Y251_V_533_R,Q96FW1_C_91_S
Q9Y251_I_534_D,Q96FW1_A_116_T
Q9Y251_R_535_A,Q96FW1_T_134_R
Q9Y251_N_536_A,Q96FW1_D_137_G
Q9Y251_A_537_K,Q96FW1_F_190_S
Q9Y251_K_538_A,Q96FW1_Y_261_H
Q9Y251_V_539_A,Q96FW1_P_263_L
Q9Y251_A_540_K,Q96FW1_H_265_R
Q9Y251_A_541_K,Q6ZRY4_L_49_E
Q9Y251_C_542_A,Q6ZRY4_L_49_Q
P28039_T_61_A,
P28039_K_173_E,
P28039_S_263_A,
P28039_S_263_L,
P28039_R_345_E,
P28039_G_372_M,
P28039_K_379_E,
P28039_P_419_M,
Q13029_C_106_Y,
Q13029_A_159_V,
Q99836_R_196_A,
Q99836_D_197_A,
Q99836_R_217_A,
Q99836_K_282_A,
Q99836_R_288_A,
Q9Y6H6_D_90_N,
P42575_C_320_S,
P42575_A_369_T,
Q8N543_H_155_A,
Q8N543_D_157_A,
P35520_C_272_A,
P35520_C_275_S,
P35523_I_290_C,
P35523_I_290_E,
P35523_I_290_F,
P35523_I_290_G,
P35523_I_290_K,
P35523_I_290_L,
P35523_I_290_Q,
P35523_I_290_T,
P35523_I_290_V,
P35523_I_290_Y,
P35523_E_291_D,
P35523_E_291_L,
P35523_R_496_K,
P35523_G_499_K,
P35523_G_499_E,
P35523_G_499_Q,
P35523_E_500_Q,
P04179_Y_58_A,
P04179_Y_58_H,
P04179_Y_58_N,
P04179_Y_58_V,
P04179_Y_58_F,
Q05823_K_392_R,
Q05823_H_583_A,
Q05823_P_584_A,
Q05823_W_632_A,
Q05823_D_661_A,
Q05823_R_667_A,
Q05823_H_672_A,
P49336_D_173_A,
P63000_G_12_V,
P63000_T_17_N,
P63000_Q_61_L,
Q8IVH4_K_290_A,
Q8IVH4_D_292_A,
Q15759_T_180_A,
Q15759_Y_182_F,
Q5JS13_L_148_A,
Q96DC9_G_47_P,
Q96DC9_C_51_S,
Q96DC9_N_226_A,
Q96QB1_R_1114_E,
P10746_S_63_A,
P10746_R_65_A,
P10746_T_103_A,
P10746_E_127_A,
P10746_Y_168_F,
P10746_S_197_A,
P10746_K_220_A,
P10746_T_227_A,
P10746_T_228_A,
Q9HCE7_K_28_A,
Q9HCE7_K_85_A,
P09917_D_359_N,
P09917_F_360_W,
P09917_H_363_S,
P09917_H_363_N,
P09917_H_368_S,
P09917_H_368_N,
P09917_H_368_A,
P09917_H_373_S,
P09917_H_373_N,
P09917_E_377_Q,
P09917_H_391_A,
P09917_H_391_S,
P09917_H_391_N,
P09917_H_400_A,
P09917_H_400_S,
P09917_H_400_N,
P09917_A_425_I,
P09917_N_426_M,
P09917_H_433_N,
P09917_H_433_A,
P09917_H_551_N,
P09917_H_551_A,
P09917_A_604_I,
O15519_Y_360_F,
O15516_S_38_E,
O15516_S_42_E,
O15516_E_116_K,
P11413_K_171_Q,
P11413_K_171_R,
P11413_K_386_Q,
P11413_K_386_R,
P11413_K_403_Q,
P11413_K_403_R,
A1L3X0_H_150_A,
A1L3X0_H_151_A,
Q96G97_H_67_R,
Q96G97_Y_70_A,
Q96G97_Y_151_A,
Q96G97_L_156_D,
Q96G97_L_169_D,
Q96G97_Q_175_A,
Q96EK6_E_156_D,
P51580_R_152_E,
Q03154_H_80_A,
Q03154_D_113_A,
Q03154_E_147_A,
Q03154_E_147_Q,
Q03154_E_147_D,
Q03154_E_148_A,
Q03154_E_175_A,
Q03154_H_373_A,
Q8NI60_A_339_G,
O14773_H_236_A,
O14773_D_360_A,
O14773_S_475_A,
O14773_D_517_A,
P61086_D_94_E,
Q9BU89_H_56_A,
Q9BU89_E_57_A,
Q9BU89_H_89_A,
Q9BU89_E_90_A,
Q9BU89_H_207_A,
Q9BU89_E_208_A,
Q9BU89_H_240_A,
Q9BU89_E_241_A,
Q8WTS6_K_294_A,
Q8WTS6_H_297_A,
Q8WTS6_H_297_G,
Q9Y2G5_E_54_A,
Q9Y2G5_W_92_A,
Q9Y2G5_W_152_A,
Q9Y2G5_W_273_A,
Q9Y2G5_R_294_A,
Q9Y2G5_D_297_A,
Q9Y2G5_E_396_A,
P13804_R_249_A,
Q03393_S_19_A,
P08172_N_58_A,
P08172_D_103_E,
P08172_Y_206_F,
P08172_N_404_Q,
P16444_E_141_C,
P16444_E_141_D,
P16444_E_141_Q,
P05109_C_42_A,
P30038_S_352_A,
O95365_P_14_S,
O95365_S_22_R,
O95365_K_60_R,
O95365_D_78_E,
O95365_R_112_C,
Q08499_D_503_N,
P06132_D_86_E,
P06132_D_86_G,
P06132_D_86_N,
P06132_Y_164_F,
Q9H0M0_E_614_A,
Q9H0M0_H_621_A,
Q9H0M0_D_675_A,
Q9H0M0_E_798_A,
Q9H0M0_M_804_P,
Q9H0M0_E_806_P,
Q9H0M0_R_845_A,
Q9H0M0_Q_848_A,
Q9H0M0_R_855_A,
Q9BV79_S_85_A,
Q9BV79_Y_94_F,
Q9BV79_T_170_A,
Q9BV79_W_311_A,
Q9BV79_W_311_L,
P13639_H_599_P,
Q96EY1_H_121_Q,
Q6IQ20_Q_158_S,
Q6IQ20_Y_159_S,
Q6IQ20_L_207_F,
Q6IQ20_R_257_A,
Q6IQ20_H_380_R,
P04183_T_163_S,
P78417_C_32_A,
P04180_E_173_A,
P04180_E_173_D,
P04180_E_173_K,
P04180_E_173_L,
P04180_E_173_Q,
P15880_K_58_R,
P15880_K_275_R,
Q9Y4U1_R_230_Q,
Q08345_N_211_Q,
Q08345_S_213_A,
Q08345_N_260_Q,
Q08345_K_655_A,
Q08345_G_707_A,
P17643_Y_362_F,
P17643_R_374_S,
P17643_T_391_V,
P08069_Y_980_F,
P08069_K_1033_A,
Q9UKV8_L_140_W,
Q9UKV8_K_533_A,
Q9UKV8_Q_545_A,
Q9UKV8_K_570_A,
Q9UKV8_D_597_A,
Q9UKV8_Q_633_A,
Q9UKV8_Q_633_R,
Q9UKV8_H_634_P,
Q9UKV8_H_634_A,
Q9UKV8_D_669_A,
Q9UKV8_E_673_A,
Q9UKV8_E_673_G,
Q9UKV8_F_676_A,
Q9UKV8_F_676_I,
Q9UKV8_F_676_M,
Q9UKV8_F_676_R,
Q9UKV8_F_676_Y,
Q9UKV8_F_676_V,
Q9UKV8_H_682_Y,
Q9UKV8_E_683_G,
Q9UKV8_F_704_Y,
Q9UKV8_T_744_Y,
Q9UKV8_H_807_A,
Q9UKV8_H_807_R,
Q9UKV3_D_1093_A,
Q9Y6K1_F_732_A,
P35354_Q_189_N,
P35354_Q_189_R,
P35354_Q_189_V,
P35354_H_193_A,
P35354_S_516_T,
P35354_G_519_V,
P35354_C_555_S,
P62993_P_49_L,
P62993_G_203_R,
O76083_H_312_A,
O76083_H_356_A,
O76083_E_466_A,
Q8NFG4_S_406_A,
Q8NFG4_S_537_A,
Q8NFG4_S_542_A,
Q8WVQ1_D_112_A,
Q8WVQ1_D_114_A,
Q8WVQ1_S_139_C,
Q8WVQ1_G_152_E,
Q8WVQ1_E_160_Y,
Q8WVQ1_R_163_A,
Q8WVQ1_E_166_Q,
Q8WVQ1_S_168_A,
Q8WVQ1_D_169_N,
Q8WVQ1_D_181_A,
Q8WVQ1_D_182_N,
Q8WVQ1_I_200_C,
Q8WVQ1_S_202_C,
Q8WVQ1_D_205_A,
Q8WVQ1_E_215_Q,
Q8WVQ1_E_246_M,
Q8WVQ1_S_256_C,
Q8WVQ1_C_287_S,
Q8WVQ1_R_301_A,
Q8WVQ1_S_308_C,
Q8WVQ1_A_317_C,
Q7L5D6_D_84_K,
P52564_S_207_A,
P52564_S_207_E,
P52564_T_211_A,
P52564_T_211_E,
O75695_Q_116_A,
O75695_R_118_A,
O75695_F_177_A,
Q9UIV1_D_40_N,
Q9UIV1_E_42_Q,
Q9UIV1_D_161_N,
Q9UIV1_H_225_A,
Q9UIV1_D_230_N,
P27338_C_5_S,
P27338_C_156_S,
P27338_T_158_A,
P27338_C_172_S,
P27338_C_192_S,
P27338_C_297_S,
P27338_C_312_S,
P27338_C_365_S,
P27338_H_382_R,
P27338_K_386_M,
P27338_C_389_A,
P27338_C_389_S,
P27338_S_394_A,
P27338_C_397_S,
Q7Z2E3_H_274_A,
Q7Z2E3_C_333_A,
Q7Z2E3_C_336_A,
Q53HL2_T_230_A,
Q53HL2_T_230_V,
P82251_P_482_A,
P82251_P_482_G,
P82251_P_482_S,
P82251_P_482_V,
P82251_P_482_F,
P82251_P_482_I,
P82251_P_482_M,
P82251_P_482_W,
P19099_I_112_P,
P19099_D_147_E,
P19099_K_152_N,
Q2MKA7_R_66_A,
Q2MKA7_R_66_W,
Q2MKA7_R_70_C,
Q2MKA7_R_70_E,
Q2MKA7_Q_71_E,
Q2MKA7_Q_71_R,
Q2MKA7_G_73_E,
Q2MKA7_G_73_R,
Q2MKA7_R_87_A,
Q2MKA7_F_106_A,
Q2MKA7_F_106_E,
Q2MKA7_F_110_A,
Q2MKA7_F_110_E,
Q13303_Y_90_F,
Q96PM5_M_176_E,
Q96PM5_C_186_A,
O60218_K_125_L,
O60218_C_299_S,
O60218_V_301_L,
Q9ULV1_Y_250_F,
Q9ULV1_R_253_C,
Q9ULV1_Y_265_A,
Q9ULV1_Y_269_A,
Q9ULV1_E_341_A,
Q9ULV1_D_371_A,
Q9ULV1_Y_378_A,
Q9ULV1_N_381_A,
Q9ULV1_L_399_F,
Q9ULV1_S_418_N,
Q9ULV1_Y_444_A,
Q9ULV1_Y_444_F,
Q9ULV1_E_458_A,
Q9ULV1_K_480_A,
Q9ULV1_W_494_L,
Q9ULV1_W_496_A,
O94760_L_30_A,
O94760_E_78_A,
O94760_L_271_G,
Q9ULV8_Y_244_A,
Q9ULV8_Y_244_F,
Q9ULV8_R_264_A,
Q9ULV8_P_265_L,
Q9ULV8_S_266_A,
Q9ULV8_T_268_A,
Q9ULV8_G_276_E,
O94768_K_62_A,
Q8IU60_E_147_Q,
Q8IU60_E_148_Q,
P07333_L_301_S,
P07333_D_802_V,
P07333_Y_809_F,
P04406_C_152_S,
P04406_C_156_S,
P04406_C_247_S,
Q8TF76_E_492_A,
Q8TF76_K_511_A,
Q8TF76_H_651_A,
Q8TF76_D_707_L,
Q8TF76_D_709_N,
Q8TF76_G_713_F,
Q8TF76_D_716_L,
P11172_D_312_N,
P04439_T_158_K,
P11177_D_319_A,
P11177_D_319_N,
Q9NZI5_R_427_A,
Q9NZI5_R_427_Q,
Q15782_S_143_D,
Q15782_I_145_E,
Q13572_K_18_A,
Q13572_H_58_A,
Q13572_K_59_A,
Q13572_R_106_A,
Q13572_K_157_A,
Q13572_H_162_Q,
Q13572_G_163_A,
Q13572_G_163_P,
Q13572_H_167_A,
Q13572_H_167_Q,
Q13572_Q_188_A,
Q13572_H_193_A,
Q13572_K_199_A,
Q13572_R_212_A,
Q13572_S_214_A,
Q13572_L_215_A,
Q13572_D_281_A,
Q13572_D_295_A,
Q13572_N_297_A,
Q13572_N_297_L,
Q13572_N_297_D,
Q13572_G_301_A,
Q9HCI7_H_64_Y,
P45983_K_55_D,
P45983_T_183_A,
P45983_Y_185_F,
P34925_N_484_F,
P34925_A_485_G,
Q96C23_H_107_A,
Q96C23_H_176_A,
Q96C23_E_307_A,
Q96AP4_S_351_A,
Q96AP4_S_351_Q,
Q96AP4_S_351_Y,
Q96AP4_C_360_A,
Q96AP4_D_406_A,
Q96AP4_E_428_A,
Q96AP4_Q_487_A,
Q96AP4_H_491_A,
Q96AP4_D_512_A,
P18440_R_64_A,
P18440_R_64_M,
P18440_R_64_Q,
P18440_R_64_K,
Q96I25_D_319_K,
Q96I25_R_375_A,
Q96I25_Y_376_A,
Q96I25_F_377_A,
O00308_K_498_R,
O00308_H_500_K,
O00308_C_838_A,
O95372_S_122_A,
P21796_S_193_A,
P21796_S_193_E,
Q9Y657_W_72_A,
Q9Y657_W_72_R,
Q9Y657_Y_98_R,
Q9Y657_F_141_A,
Q9Y657_Y_170_A,
Q9Y657_F_251_R,
Q687X5_S_138_Q,
P56696_D_266_G,
Q9BRQ3_H_156_A,
Q9BRQ3_E_189_A,
Q9BRQ3_E_193_A,
P0DMV8_K_77_Q,
P0DMV8_K_77_R,
Q6IQ55_K_50_E,
Q6IQ55_K_50_A,
Q6IQ55_K_143_E,
Q6IQ55_K_143_A,
Q6IQ55_D_163_A,
Q6IQ55_R_181_E,
Q6IQ55_R_181_A,
Q6IQ55_A_184_E,
Q6IQ55_A_184_G,
Q9NQC7_C_601_A,
Q9NQC7_C_601_S,
Q9NQC7_H_871_N,
P09211_Y_8_F,
P09211_D_99_A,
Q92888_Y_487_F,
Q92888_Y_738_F,
Q9H1D0_R_510_E,
Q9H1D0_Q_523_A,
Q9H1D0_D_582_A,
Q9H1D0_A_606_T,
Q15027_F_280_A,
Q15027_F_280_W,
Q15027_R_448_Q,
Q9Y6X9_Y_18_A,
Q9Y6X9_N_39_A,
Q9Y6X9_D_68_A,
Q9Y6X9_D_69_A,
Q9Y6X9_R_266_A,
Q9Y6X9_R_319_E,
Q9Y6X9_R_326_E,
Q9Y6X9_R_329_E,
Q9Y6X9_R_333_E,
Q9Y6X9_R_344_E,
Q9Y6X9_R_351_E,
Q9Y6X9_R_358_E,
Q92993_G_380_A,
P53778_D_179_A,
P53778_Y_185_F,
P53778_F_330_S,
P22307_N_528_D,
P22307_N_528_I,
P22307_G_530_D,
Q6IMN6_I_1048_R,
Q6IMN6_I_1091_S,
P62987_K_48_R,
P62987_K_63_R,
P62987_H_68_G,
P62987_R_72_G,
P62987_R_74_G,
P62987_G_76_A,
O95396_C_365_A,
O95396_C_412_A,
O95396_K_413_R,
O95396_L_414_K,
O95396_G_415_A,
O95396_N_416_V,
O95396_D_417_R,
O95396_D_417_T,
O95396_P_458_G,
O94925_Y_249_A,
O94925_S_286_A,
O94925_K_289_A,
O94925_F_318_Y,
O94925_L_321_A,
O94925_F_322_S,
O94925_L_323_A,
O94925_Y_394_A,
O94925_Y_394_L,
O94925_Y_466_A,
Q99962_A_63_S,
Q99962_A_66_D,
Q99962_A_66_S,
Q99962_M_70_Q,
Q99962_F_202_W,
P43220_L_32_A,
P43220_Y_69_A,
P43220_Y_88_A,
P43220_L_89_A,
P43220_P_90_A,
P43220_R_121_A,
P43220_E_127_A,
P43220_E_128_A,
P43220_E_128_Q,
O14732_D_104_N,
P22234_H_303_Y,
P22234_S_332_A,
P22234_G_334_A,
P22234_S_400_A,
P04792_S_15_D,
P04792_S_82_D,
Q9NZD2_I_45_N,
Q9NZD2_D_48_V,
Q9NZD2_N_52_I,
Q9NZD2_K_55_I,
Q9NZD2_W_96_A,
Q9NZD2_W_96_F,
Q9NZD2_F_103_S,
Q9NZD2_L_136_R,
Q9NZD2_H_140_L,
Q9NZD2_F_148_S,
Q9NZD2_L_165_R,
Q9NZD2_F_183_S,
Q9NZD2_Y_207_L,
P30838_C_244_S,
Q9UK80_C_221_A,
Q9Y3B8_D_168_A,
P28161_T_210_C,
P28161_T_210_F,
P28161_T_210_H,
P28161_T_210_I,
P28161_T_210_K,
P28161_T_210_L,
P28161_T_210_R,
P28161_T_210_Y,
P28161_T_210_W,
O75689_C_21_A,
O75689_C_24_A,
P35670_H_1069_A,
P35670_H_1069_C,
P46527_Y_88_F,
Q8IW75_R_302_A,
Q8IW75_R_302_E,
Q8IW75_T_365_R,
Q8IW75_A_369_P,
Q99497_L_10_P,
Q99497_E_18_A,
Q99497_E_18_D,
Q99497_E_18_N,
Q99497_E_18_Q,
Q99497_C_46_S,
Q99497_V_51_A,
Q99497_C_53_A,
Q99497_C_53_S,
Q99497_C_106_A,
Q99497_C_106_S,
Q99497_H_126_A,
Q99497_A_179_T,
Q8WY64_Y_265_A,
Q8WY64_T_269_R,
Q8WY64_C_387_A,
Q8WY64_V_389_R,
Q8WY64_L_415_E,
Q02083_V_116_F,
Q02083_C_126_A,
Q02083_C_126_S,
Q02083_R_142_G,
Q02083_D_145_A,
Q02083_L_152_F,
Q02083_E_195_A,
Q02083_E_195_Q,
Q02083_N_287_D,
P07948_K_275_A,
P07948_K_275_L,
P07948_K_275_R,
Q8N3J5_D_298_A,
Q96FI4_E_3_Q,
Q96FI4_K_54_L,
Q96FI4_R_277_A,
P11387_K_532_A,
P11387_K_532_R,
Q02880_E_482_Q,
Q02880_S_485_A,
Q02880_R_508_E,
Q02880_K_510_E,
Q02880_R_515_Q,
P11766_R_115_A,
P11766_R_115_D,
Q9UNA0_E_411_A,
P36888_Y_591_F,
P36888_Y_599_F,
P36888_K_644_A,
P50213_Y_153_F,
P50213_K_169_A,
P50213_K_200_A,
P50213_N_202_A,
P50213_D_208_A,
P50213_Y_255_A,
P36404_Q_70_L,
P49356_D_200_N,
P49356_G_249_V,
P49356_G_349_S,
P11166_I_192_C,
P11166_L_204_C,
P11166_P_205_C,
P11166_G_340_C,
Q9UBQ0_D_8_A,
Q9UBQ0_N_39_A,
Q9UBQ0_N_39_D,
Q9UBQ0_D_62_A,
Q9UBQ0_D_62_N,
Q9UBQ0_H_86_A,
Q9UBQ0_H_117_A,
Q8IYT8_K_39_R,
P22681_G_306_E,
P22681_C_381_A,
Q13546_S_25_D,
Q13546_K_45_A,
Q13546_S_161_A,
Q6ZSG1_M_313_A,
Q6ZSG1_R_335_A,
Q07075_T_356_V,
Q07075_R_887_A,
P13725_C_74_S,
Q8IUF8_H_179_Y,
P13051_D_154_E,
P13051_D_154_N,
Q9UL18_P_670_S,
Q9UL18_L_674_F,
Q9UL18_P_675_Q,
Q9UL18_R_805_H,
Q9BV57_E_94_A,
Q9UIF7_D_233_N,
P51813_Y_566_F,
P34913_D_9_A,
P34913_C_522_S,
P20160_C_52_S,
P20160_C_68_S,
O15382_C_342_A,
O15382_C_345_A,
Q7L0Y3_D_314_N,
Q08211_I_347_A,
Q08211_K_417_R,
Q08211_K_417_N,
Q9UKT7_C_358_S,
P09661_Y_15_D,
P09661_R_27_Q,
P09661_T_68_K,
P09661_N_72_K,
P09661_N_73_K,
P09661_E_92_V,
P09661_Q_148_R,
Q86TI0_M_930_A,
Q86TI0_L_1019_A,
Q7Z5Q5_D_623_A,
Q7Z5Q5_E_675_R,
Q7Z5Q5_K_679_A,
Q92947_E_414_D,
Q92785_F_275_A,
Q92785_R_300_A,
Q92785_D_346_A,
P52788_D_201_A,
P52788_D_201_N,
P52788_D_276_N,
P52788_E_353_Q,
P20340_Q_72_L,
Q96SB4_S_222_A,
Q96SB4_S_555_A,
Q96SB4_S_619_A,
O43173_H_354_A,
Q8N4A0_D_459_H,
Q5VZV1_D_141_A,
Q14451_Y_480_F,
Q14451_Y_492_F,
Q14451_F_511_R,
Q9BWS9_W_277_A,
Q13093_S_108_A,
Q13093_S_273_A,
Q13093_D_286_A,
Q13093_D_286_N,
Q13093_D_296_A,
Q13093_D_296_N,
Q13093_D_304_A,
Q13093_D_338_A,
Q13093_H_351_A,
Q4G0W2_Y_102_H,
Q4G0W2_C_103_S,
Q4G0W2_N_105_A,
Q4G0W2_R_107_V,
Q9UQ84_D_78_A,
Q9UQ84_D_173_A,
Q9UQ84_D_225_A,
O14960_Y_104_H,
O14965_K_162_R,
O14965_G_198_N,
O14965_D_274_N,
O14965_T_287_A,
O14965_T_288_D,
Q9GZU7_D_98_N,
P40818_C_786_S,
Q15493_E_18_A,
Q15493_N_103_A,
Q15493_N_154_A,
Q15493_D_204_A,
Q16696_L_110_V,
Q16696_A_117_V,
Q16696_S_208_I,
Q16696_A_213_S,
Q16696_F_300_I,
Q16696_A_301_G,
Q16696_M_365_V,
Q16696_L_366_I,
Q16696_G_369_S,
Q16696_H_372_R,
O14818_Y_153_F,
P36873_H_125_A,
Q13435_K_507_A,
Q13435_K_507_R,
Q13435_K_509_A,
Q13435_K_509_R,
O95497_E_79_A,
O95497_K_178_A,
Q6DD88_K_73_A,
Q6DD88_R_213_Q,
Q96QP1_Q_67_A,
Q96QP1_R_116_A,
Q96QP1_R_150_A,
Q96QP1_R_153_A,
Q96QP1_D_231_A,
Q96QP1_K_233_A,
Q96QP1_T_237_E,
Q96QP1_F_295_K,
O60907_V_111_N,
O60907_V_111_Q,
Q96GD4_K_106_R,
Q96GD0_D_25_N,
P15291_Y_285_F,
P50336_R_59_G,
P50336_R_59_Q,
P50336_L_74_P,
P50336_R_97_D,
P50336_L_166_N,
P50336_G_169_A,
P50336_S_284_I,
P50336_V_290_L,
P50336_F_331_A,
P50336_L_334_A,
P50336_V_347_A,
P50336_M_368_A,
P11021_T_229_A,
P15056_M_53_D,
P15056_K_88_E,
P15056_K_483_S,
P15056_I_666_R,
P15056_R_671_K,
Q9UQB8_K_142_E,
Q9UQB8_K_143_E,
Q9UQB8_K_146_E,
Q9UQB8_K_147_E,
Q9UQB8_W_413_G,
Q9UQB8_F_427_A,
Q9UQB8_P_428_A,
Q9UQB9_K_72_R,
Q9UQB9_D_166_Y,
Q9UQB9_T_198_A,
Q13888_C_291_A,
Q13888_C_308_A,
Q13888_C_345_A,
Q13888_C_360_A,
Q13888_C_363_A,
Q13888_H_376_A,
Q13888_H_380_A,
Q13888_C_382_A,
O00141_K_127_M,
O00141_T_256_A,
O00141_T_256_D,
O00141_T_256_E,
P51795_Y_687_A,
P51795_S_688_A,
P51795_D_797_A,
P13995_D_168_A,
P13995_D_168_E,
P13995_D_168_N,
P13995_D_168_S,
P13995_R_201_A,
P13995_R_201_S,
P13995_R_201_K,
P13995_D_225_A,
P13995_D_225_S,
P13995_D_225_E,
P13995_D_225_N,
P13995_R_233_A,
P13995_R_233_K,
P13995_R_233_S,
Q9Y2R2_C_129_S,
Q9Y2R2_C_231_S,
P51955_K_37_R,
P51955_T_170_A,
P51955_T_170_E,
P51955_S_171_A,
P51955_S_171_D,
P51955_T_175_A,
P51955_T_175_E,
P51955_T_179_A,
P51955_T_179_E,
P51955_S_241_A,
P51955_S_241_D,
P30041_S_32_A,
P30041_C_47_S,
P30044_C_100_S,
P30044_C_125_S,
P30044_C_204_S,
Q96EF0_A_253_K,
Q96EF0_K_255_A,
Q9BV20_C_168_S,
Q9BV20_D_248_A,
Q9NP77_C_12_S,
P08922_K_1980_M,
P35968_K_868_M,
P35968_Y_996_F,
P35968_C_1045_A,
P35968_Y_1054_F,
P35968_Y_1059_F,
Q86WT6_C_61_A,
Q86WT6_C_64_A,
Q07912_L_120_Q,
Q07912_K_158_R,
Q07912_L_197_Q,
Q07912_V_365_R,
O00764_D_235_A,
O00764_D_235_N,
O00762_C_114_S,
P28562_C_258_S,
P78330_S_23_A,
P78330_S_23_T,
P78330_E_29_D,
P78330_E_29_Q,
P78330_R_65_A,
P78330_R_65_K,
P78330_N_133_A,
P78330_T_182_S,
P78330_T_182_V,
P78330_R_202_A,
P78330_R_202_K,
P18031_C_215_S,
P78423_R_71_A,
Q92932_C_945_S,
Q9H867_E_73_Q,
Q9H867_D_96_A,
Q9H867_D_96_V,
Q9H867_D_144_V,
O75223_G_23_A,
O75223_E_98_A,
O75223_E_98_Q,
O75223_Y_105_F,
O75223_Y_125_F,
Q14191_E_84_A,
Q14191_L_88_A,
Q14191_W_145_A,
Q14191_Y_212_F,
P68036_K_9_E,
P68036_F_63_A,
P68036_C_86_S,
P68036_E_93_R,
P68036_K_96_E,
P68036_K_100_E,
Q15910_S_21_A,
Q15910_S_21_D,
Q15910_C_588_Y,
Q15910_F_667_I,
Q15910_H_689_A,
O75643_R_603_A,
O75643_R_637_A,
O75643_K_1544_A,
O75643_H_1548_A,
O75643_T_1578_A,
Q93096_D_71_A,
Q93096_D_72_A,
Q93096_C_104_S,
Q8N6T7_H_133_Y,
Q04759_Y_90_F,
Q04759_A_148_E,
Q04759_K_409_A,
Q04759_K_409_E,
Q04759_T_538_A,
Q04759_S_676_A,
Q04759_S_695_A,
P32322_E_221_A,
P05546_R_122_L,
P05546_R_122_Q,
P05546_R_122_W,
O75792_D_67_A,
O75792_K_69_A,
O75792_N_112_A,
O75792_Y_210_A,
O75792_Y_210_F,
O75792_T_240_A,
Q02750_K_97_A,
Q02750_K_97_R,
Q02750_S_150_A,
Q02750_S_212_A,
Q02750_S_218_A,
Q02750_S_222_A,
O95551_N_120_A,
O95551_E_152_A,
O95551_Y_178_F,
O95551_Y_178_W,
O95551_R_206_A,
O95551_R_206_K,
O95551_D_262_A,
O95551_D_262_H,
O95551_D_262_L,
O95551_D_262_M,
O95551_L_305_A,
O95551_L_305_F,
O95551_L_305_W,
O95551_D_316_N,
Q9UNQ0_M_71_V,
Q9UNQ0_K_86_M,
Q9UNQ0_E_211_Q,
Q9UNQ0_N_418_Q,
Q9UNQ0_T_435_A,
Q9UNQ0_T_435_F,
Q9UNQ0_N_436_A,
Q9UNQ0_F_439_A,
Q9UNQ0_R_482_D,
Q9UNQ0_R_482_G,
Q9UNQ0_R_482_N,
Q9UNQ0_R_482_S,
Q9UNQ0_R_482_T,
Q9UNQ0_R_482_K,
Q9UNQ0_R_482_I,
Q9UNQ0_R_482_M,
Q9UNQ0_R_482_Y,
Q9UNQ0_V_546_A,
Q9UNQ0_V_546_F,
Q9UNQ0_M_549_A,
Q9UNQ0_L_554_A,
Q9UNQ0_N_557_Q,
Q8IZT8_R_99_A,
Q8IZT8_R_104_A,
Q8IZT8_K_155_A,
Q8IZT8_Q_195_A,
O60260_C_337_A,
O60260_W_403_A,
O60260_C_421_A,
O60260_C_431_S,
O60260_H_433_N,
O60260_H_433_A,
O60260_E_444_Q,
O60260_E_444_A,
O60264_K_211_R,
P11362_K_514_A,
P11362_R_577_E,
P11362_D_623_A,
P11362_Y_654_F,
P11362_Y_766_F,
P11586_S_49_A,
P11586_S_49_Q,
P11586_Y_52_A,
P11586_Y_52_S,
P11586_Y_52_F,
P11586_K_56_A,
P11586_K_56_I,
P11586_K_56_S,
P11586_K_56_T,
P11586_K_56_E,
P11586_K_56_M,
P11586_K_56_Q,
P11586_K_56_R,
P11586_C_147_Q,
P19971_Y_199_A,
P19971_Y_199_F,
P19971_Y_199_L,
Q8IXJ6_S_53_A,
Q8IXJ6_R_97_A,
Q8IXJ6_S_98_A,
Q8IXJ6_S_100_A,
Q8IXJ6_Q_167_A,
Q8IXJ6_N_168_A,
Q8IXJ6_D_170_A,
Q8IXJ6_D_170_N,
Q8IXJ6_H_187_Y,
Q8IXJ6_H_187_A,
Q8IXJ6_S_279_A,
Q8IXJ6_T_280_A,
Q8IXJ6_S_311_A,
Q8IXJ6_Y_315_A,
O15550_H_1146_A,
P45381_R_71_K,
P45381_Y_164_F,
P45381_R_168_K,
P45381_E_178_A,
P45381_E_178_D,
P45381_E_178_Q,
P45381_E_285_D,
P45381_Y_288_F,
Q13426_K_210_R,
O95487_R_715_A,
O95486_R_541_A,
Q712K3_C_93_S,
Q712K3_L_97_S,
Q7Z2Z2_T_33_A,
Q7Z2Z2_H_96_A,
Q9HD40_R_75_A,
Q9HD40_R_97_A,
Q9HD40_R_97_Q,
Q9HD40_Q_105_A,
Q9HD40_K_173_A,
Q9HD40_K_173_M,
Q9HD40_K_284_A,
Q9HD40_R_313_A,
P30101_C_57_A,
P30101_C_57_S,
P30101_C_60_S,
P30101_C_406_A,
P30101_C_406_S,
P30101_C_409_S,
Q96GG9_C_115_A,
Q96GG9_C_115_G,
Q96GG9_C_115_I,
Q96GG9_C_115_L,
Q96GG9_C_115_T,
Q96GG9_C_115_V,
Q13526_K_63_A,
Q13526_S_71_D,
Q13526_S_71_E,
Q13526_C_113_A,
P49674_K_38_R,
Q9UBS5_W_182_A,
Q9UBS5_Y_230_A,
Q9UBS5_Y_234_A,
Q9UBS5_H_287_A,
Q9UBS5_Y_367_A,
Q9UBS5_W_395_A,
P48730_K_38_M,
P48730_T_176_I,
P48735_K_413_A,
P48735_K_413_Q,
P48735_K_413_R,
P48736_R_947_P,
Q96KN2_H_132_A,
Q96KN2_D_165_A,
Q96KN2_E_200_A,
Q9NWX6_D_58_A,
Q9NWX6_H_63_A,
Q9NWX6_S_104_A,
Q9NWX6_D_105_A,
Q9NWX6_E_106_A,
Q9NWX6_T_127_A,
Q9NWX6_H_181_A,
Q9NWX6_K_216_A,
Q9NWX6_N_227_A,
Q9Y2C4_S_137_D,
Q9Y2C4_H_140_A,
Q6IA69_C_175_S,
P61224_G_12_V,
P61224_Y_32_A,
P61224_Y_32_F,
P61224_Q_63_E,
P61224_F_64_A,
Q9BYW2_F_1589_A,
Q9BYW2_Y_1604_A,
Q9BYW2_R_1625_H,
Q9BYW2_R_1625_G,
Q9BYW2_C_1631_A,
Q9BYW2_E_1636_A,
Q9BYW2_T_1637_A,
Q9BYW2_F_1668_A,
Q9BYW2_Q_1669_A,
Q9BYW2_R_1670_A,
Q9BYW2_R_1670_V,
Q9BYW2_R_1670_L,
Q9BYW2_R_1670_I,
Q9BYW2_R_1670_F,
Q9BYW2_R_1670_P,
Q9BYW2_R_1670_W,
Q9BYW2_R_1670_K,
Q9BYW2_R_1670_Q,
Q9BYW2_Y_1671_A,
Q13636_Q_64_L,
Q13637_Q_85_L,
P51787_V_324_L,
P51787_K_326_R,
P51787_T_327_V,
P51787_I_328_L,
P51787_S_338_C,
P51787_F_340_C,
P51787_I_375_D,
P51787_V_516_D,
P13987_Y_29_R,
P13987_N_33_R,
P13987_N_33_Q,
P13987_D_37_R,
P13987_F_48_R,
P13987_D_49_R,
P13987_L_58_E,
P13987_K_63_E,
P13987_W_65_E,
P13987_K_66_D,
P13987_F_67_K,
P13987_F_72_E,
P13987_R_78_E,
P13987_L_79_D,
P13987_E_81_R,
P13987_N_82_K,
P13987_Y_87_R,
O60869_T_65_D,
O60869_T_74_D,
P52895_Y_24_A,
P52895_K_31_A,
P52895_K_31_M,
P52895_R_301_A,
P52895_R_304_A,
O00370_N_14_A,
O00370_E_43_A,
O00370_D_145_A,
O00370_D_205_G,
O00370_H_230_A,
Q12923_C_2408_S,
Q12923_R_2444_E,
Q12923_R_2444_K,
Q12923_R_2444_Q,
Q12923_G_2449_V,
Q9Y663_K_161_A,
Q9Y663_K_162_A,
Q9Y663_R_166_E,
Q9Y663_E_170_Q,
Q9Y663_R_173_S,
Q9Y663_G_182_A,
Q9Y663_E_184_Q,
Q9Y663_H_186_F,
Q9Y663_D_189_N,
Q9Y663_R_190_E,
Q9Y663_K_194_A,
Q9Y663_K_215_A,
Q9Y663_S_218_A,
Q9Y663_E_224_Q,
Q9Y663_Q_255_A,
Q9Y663_K_259_A,
Q9Y663_I_288_A,
Q9Y663_K_293_A,
Q9Y663_H_362_A,
Q9Y663_G_365_A,
Q9Y663_K_366_A,
Q9Y663_K_368_A,
Q9Y663_R_370_E,
P08913_D_128_N,
O00506_K_49_R,
O00506_D_158_A,
Q8IVH8_K_48_E,
Q93091_I_36_A,
Q9UM00_D_191_A,
Q9UM00_D_191_E,
Q9UM07_R_374_A,
Q9UM07_C_645_A,
P45954_V_137_L,
P45954_F_138_L,
P45954_S_210_N,
P45954_A_416_T,
Q08495_S_403_E,
P28223_L_229_A,
Q9Y530_H_32_A,
Q9Y530_C_33_S,
Q9Y530_S_35_A,
Q9Y530_T_83_A,
Q9Y530_K_84_A,
Q9Y530_G_123_E,
Q9Y530_D_125_A,
P09455_R_22_A,
P09455_L_30_A,
P09455_R_31_A,
P09455_K_32_A,
P09455_R_59_E,
Q9P2I0_H_67_A,
Q9P2I0_D_289_A,
Q9P2I0_R_543_A,
P20807_C_129_S,
Q8WVM0_G_65_A,
Q8WVM0_N_141_A,
Q8WVM0_K_220_A,
Q9NRN7_R_47_A,
Q9NRN7_R_86_A,
Q9NRN7_H_111_A,
Q9NRN7_Q_112_E,
Q9NRN7_D_129_A,
Q9NRN7_E_181_A,
Q9NRN7_E_181_Q,
Q9NRN7_K_185_A,
P35557_S_64_P,
P35557_E_177_K,
P35557_M_197_V,
P35557_I_211_F,
P35557_Y_214_A,
P35557_E_256_A,
P35557_K_414_A,
P35557_S_453_A,
P35558_S_90_A,
P35558_S_90_E,
P35558_C_288_S,
O75582_D_195_A,
O75582_S_212_A,
Q96SD1_D_17_N,
Q96SD1_D_17_A,
Q96SD1_H_33_A,
Q96SD1_H_35_A,
Q96SD1_D_37_N,
Q96SD1_D_37_A,
Q96SD1_H_38_A,
Q96SD1_H_115_A,
Q96SD1_D_136_N,
Q96SD1_D_136_A,
Q96SD1_D_165_N,
Q96SD1_D_165_A,
Q96SD1_H_319_A,
P54252_C_14_A,
P01225_T_78_E,
P15121_D_44_N,
P15121_Y_49_F,
P15121_K_78_M,
P15121_H_111_N,
Q9NZK7_N_40_G,
Q9NZK7_N_40_M,
Q9NZK7_N_40_W,
Q9NZK7_D_41_A,
Q9NZK7_D_41_K,
Q9NZK7_H_65_A,
Q9NZK7_D_66_A,
Q9NZK7_N_132_A,
Q9NZK7_N_132_K,
P98170_S_87_D,
P98170_S_87_E,
P98170_H_467_A,
Q9HAZ1_K_189_R,
Q04760_Q_34_E,
Q04760_E_100_Q,
Q04760_E_173_Q,
P23443_K_167_N,
P00740_Y_305_F,
P00740_K_311_T,
P00740_Y_312_A,
P00740_Y_391_T,
Q9BSM1_S_195_F,
O15492_Y_168_F,
O15492_Y_177_F,
O15496_H_88_Q,
O15498_F_42_E,
O15498_C_194_S,
P12931_K_298_M,
P12931_P_302_E,
P12931_P_307_E,
P12931_Y_419_F,
P41279_T_290_A,
P41279_T_290_D,
P41279_T_290_E,
P61088_C_87_A,
Q6ZMT4_H_282_A,
P08686_V_281_I,
P08686_V_281_T,
P08686_C_428_M,
P08686_C_428_S,
P08686_C_428_T,
P18433_Y_798_F,
P61328_R_114_A,
P61328_R_114_G,
Q13454_C_99_S,
Q13454_C_102_S,
Q9BYX4_T_829_A,
O43447_W_133_F,
Q8IWA4_K_15_A,
Q8IWA4_R_74_P,
Q8IWA4_K_88_A,
Q8IWA4_K_99_A,
Q8IWA4_P_102_L,
Q8IWA4_H_107_A,
Q8IWA4_T_109_A,
Q8IWA4_H_144_A,
Q8IWA4_D_173_A,
Q8IWA4_E_209_A,
Q8IWA4_R_238_A,
Q8IWA4_W_239_A,
Q8IWA4_E_245_A,
Q8IWA4_G_309_P,
Q8IWA4_I_328_A,
Q8IWA4_K_336_N,
Q8IWA4_K_336_P,
P15104_C_209_A,
P15104_R_324_A,
P15104_R_324_C,
P25445_I_313_D,
P50225_C_70_S,
P50225_D_249_G,
P63092_Q_170_A,
P63092_R_258_A,
Q9UBR1_R_130_I,
Q9UBR1_K_132_L,
Q9UBR1_C_233_A,
Q9UBR1_T_299_C,
Q8ND25_C_184_A,
O14727_M_368_L,
P03956_Y_360_F,
Q96BZ9_R_105_A,
Q96BZ9_Q_144_L,
P48728_D_129_A,
P48728_D_129_N,
Q9H999_E_138_V,
Q9H999_R_207_W,
Q53H47_N_223_S,
Q53H47_D_261_S,
Q53H47_F_473_K,
Q53H47_D_496_A,
Q53H47_D_503_S,
Q53H47_N_623_D,
Q53H47_N_623_E,
P16662_T_373_V,
P16662_H_374_A,
P16662_H_374_E,
P16662_N_378_A,
P16662_G_379_D,
P16662_G_379_S,
P16662_D_398_A,
P16662_D_398_N,
P16662_Q_399_A,
Q16769_K_144_A,
Q16769_F_146_A,
Q16769_S_160_A,
Q16769_S_160_G,
Q16769_E_201_D,
Q16769_E_201_L,
Q16769_E_201_Q,
Q16769_W_207_L,
Q16769_D_248_A,
Q16769_D_248_Q,
Q16769_Q_304_L,
Q16769_D_305_A,
Q16769_D_305_E,
Q16769_D_305_L,
Q16769_D_305_N,
Q16769_H_319_L,
Q16769_F_325_A,
Q16769_W_329_A,
Q16763_C_95_S,
Q16763_K_117_A,
P19835_H_455_Q,
Q13627_K_188_R,
Q13627_Y_321_F,
Q96AT9_S_10_A,
Q96AT9_L_12_A,
Q96AT9_H_35_A,
Q96AT9_D_37_A,
Q96AT9_M_39_A,
Q96AT9_M_72_A,
Q96AT9_M_141_A,
P56524_H_803_L,
P05154_R_248_E,
P05154_R_253_E,
P05154_E_272_K,
P05154_K_274_E,
P05154_K_285_E,
P05154_R_288_E,
P05154_K_289_E,
P05154_K_292_E,
P05154_T_371_R,
P05154_F_372_P,
P05154_F_372_G,
P05154_R_373_P,
P05154_R_376_P,
P05154_R_381_E,
Q6V1X1_D_451_F,
Q6V1X1_S_755_A,
Q6V1X1_D_788_A,
Q6V1X1_D_788_S,
Q6V1X1_D_788_V,
Q6V1X1_D_788_E,
Q6V1X1_D_833_A,
Q6V1X1_H_865_A,
P55210_C_186_A,
P55212_C_163_A,
P55212_S_257_A,
P55212_S_257_D,
P55212_S_257_E,
Q04828_R_304_L,
Q04828_Y_305_F,
Q04828_T_307_V,
Q04828_D_309_V,
P51684_C_36_A,
P51684_C_36_D,
P51684_C_36_G,
P51684_C_36_S,
P51684_C_57_S,
P51684_C_118_S,
P51684_C_131_S,
P51684_C_138_S,
P51684_C_168_S,
P51684_C_197_S,
P51684_C_233_S,
P51684_C_266_S,
P51684_C_288_A,
P51684_C_288_G,
P51684_C_288_R,
P51684_C_288_S,
P51684_C_309_S,
P51684_C_310_S,
Q12913_C_1239_S,
P31645_S_611_A,
P31645_S_611_D,
P31645_T_613_A,
P31645_T_613_D,
P31645_T_616_A,
P31645_T_616_D,
P14859_S_385_A,
O00584_H_65_Y,
O00584_H_118_Y,
Q9Y230_D_299_N,
Q9Y233_D_554_A,
Q9Y233_D_554_N,
A7KAX9_R_407_A,
A7KAX9_R_407_I,
A7KAX9_R_407_M,
A7KAX9_K_447_A,
P08235_S_767_N,
P08235_S_767_Q,
P08235_N_770_A,
P08235_N_770_D,
P08235_N_770_H,
P08235_N_770_Q,
P08235_N_770_S,
P08235_N_770_T,
P08235_Q_776_A,
P08235_R_817_A,
P08235_C_849_S,
P08235_C_942_S,
P08235_L_952_A,
P08235_K_953_A,
P08235_V_954_A,
P08235_F_956_A,
P08235_P_957_A,
P08238_C_590_A,
P08238_C_590_N,
P08238_C_590_D,
P00918_W_5_A,
P00918_Y_7_F,
P00918_Y_7_H,
P00918_N_62_A,
P00918_N_62_D,
P00918_N_62_H,
P00918_N_62_L,
P00918_N_62_T,
P00918_N_62_V,
P00918_H_64_A,
P00918_H_64_G,
P00918_H_64_W,
P00918_A_65_F,
P00918_A_65_S,
P00918_N_67_H,
P00918_N_67_L,
P00918_N_67_Q,
P00918_H_94_C,
P00918_H_94_D,
P00918_H_94_E,
P00918_H_94_N,
P00918_H_94_Q,
P00918_E_106_A,
P00918_E_106_Q,
P00918_E_106_D,
P00918_E_117_Q,
P00918_H_119_D,
P00918_H_119_N,
P00918_H_119_Q,
P00918_H_119_E,
P00918_V_121_A,
P00918_V_121_G,
P00918_V_121_I,
P00918_V_121_L,
P00918_V_121_S,
P00918_V_121_K,
P00918_V_121_R,
P00918_V_142_F,
P00918_V_142_Y,
P00918_V_142_G,
P00918_V_142_H,
P00918_L_197_A,
P00918_L_197_E,
P00918_L_197_H,
P00918_L_197_R,
P00918_L_197_F,
P00918_T_198_A,
P00918_T_198_C,
P00918_T_198_H,
P00918_T_198_P,
P00918_T_198_D,
P00918_T_198_E,
P00918_T_198_S,
P00918_T_198_V,
P00918_T_199_H,
P00918_T_199_S,
P00918_P_201_A,
Q6VAB6_D_786_A,
P53355_K_42_A,
P53355_S_289_A,
P53355_S_289_E,
P53355_S_308_A,
P53355_S_308_D,
P53355_S_313_A,
P28340_D_402_A,
Q8N4P3_R_24_A,
Q8N4P3_E_65_A,
Q8N4P3_D_66_A,
P53350_K_82_M,
P53350_K_82_R,
P53350_S_137_A,
P53350_S_137_D,
P53350_D_176_N,
P53350_T_210_A,
P53350_T_210_D,
P53350_T_210_V,
P35236_Y_125_A,
P35236_D_257_A,
P35236_C_291_S,
P35236_Q_335_A,
P53041_H_304_Q,
P00352_G_458_N,
Q9BXJ9_Y_834_F,
Q9BXJ9_Y_834_A,
Q96PU5_C_942_S,
Q8N0X4_D_320_A,
Q8N0X4_D_320_N,
P67775_D_85_N,
P04062_C_43_S,
P04062_C_57_S,
P04062_C_62_S,
P04062_E_379_G,
Q9BQP7_D_251_A,
Q9BQP7_K_253_A,
O15488_Y_228_F,
O15488_Y_230_F,
P17081_Q_67_L,
O96028_Y_1092_A,
O96028_Y_1179_A,
Q9Y5X4_L_372_R,
Q9Y5X4_L_375_R,
O43526_T_217_A,
O43526_T_217_D,
O43526_G_279_S,
Q9UNS1_R_1081_G,
P19113_K_305_G,
P19113_Y_334_F,
P63241_K_47_D,
P63241_G_49_A,
P63241_K_50_A,
P63241_K_50_I,
P63241_K_50_D,
P63241_K_50_R,
P63241_G_52_A,
P63241_K_55_A,
Q9NZ42_C_15_A,
Q9NZ42_C_15_S,
Q9NZ42_F_25_A,
Q9NZ42_L_26_A,
Q9NZ42_W_30_A,
Q9NZ42_W_36_A,
Q9NZ42_A_46_N,
Q9NZ42_K_54_A,
Q9NZ42_F_94_A,
Q96G74_S_177_D,
Q96G74_S_177_E,
Q96G74_C_224_S,
Q9UJ41_D_313_A,
Q9UJ41_P_317_A,
Q9UJ41_Y_354_A,
Q9UJ41_T_357_A,
Q8WUI4_H_843_A,
Q8WUI4_H_843_F,
Q8WUI4_H_843_Y,
P40616_Q_71_L,
Q96GA7_G_72_A,
Q96GA7_C_309_A,
Q9UDY8_C_464_A,
P61020_Q_79_L,
Q8IXL7_H_141_G,
Q8IXL7_N_160_F,
Q8IXL7_N_160_Y,
Q9NWZ3_K_213_A,
P12277_C_283_S,
P12277_C_283_Y,
P12277_R_292_H,
P12277_R_292_L,
P12277_R_292_Q,
P12277_R_292_K,
P12277_D_340_E,
Q8NCC3_D_46_A,
Q8NCC3_L_83_S,
Q8NCC3_V_85_S,
Q8NCC3_N_99_A,
Q8NCC3_S_198_A,
Q8NCC3_K_235_A,
Q8NCC3_N_273_A,
Q8NCC3_N_289_A,
Q8NCC3_T_362_A,
Q8NCC3_N_398_A,
Q9NWT6_D_201_A,
Q9NWT6_D_201_E,
Q9NWT6_Q_239_H,
Q9NWT6_W_296_R,
Q9NWT6_L_340_R,
Q9NWT6_I_344_R,
Q15286_S_22_N,
Q15286_Q_67_L,
P34972_D_130_A,
P34972_R_131_A,
P34972_L_201_P,
P34972_Y_207_A,
P34972_A_244_E,
Q5D1E8_D_141_N,
Q5D1E8_N_144_A,
Q5D1E8_C_157_A,
Q5D1E8_R_214_A,
Q5D1E8_D_225_A,
Q5D1E8_D_226_A,
Q13613_C_438_S,
Q13613_D_443_A,
Q13613_R_444_A,
Q13613_R_484_A,
Q9NS18_S_78_P,
Q9NS18_C_80_S,
P34947_K_215_R,
P34947_S_484_A,
P34947_T_485_A,
P50613_K_41_A,
P50613_S_164_A,
P50613_T_170_A,
Q06141_E_114_Q,
Q06141_E_118_Q,
Q9BYC5_R_365_A,
Q9BYC5_R_365_K,
Q9BYC5_R_366_A,
Q9BYC5_R_366_K,
Q9BYC5_D_368_A,
Q9BYC5_K_369_A,
Q9BYC5_E_373_A,
Q9BYC5_Y_382_A,
Q9BYC5_D_409_A,
Q9BYC5_D_410_A,
Q9BYC5_D_453_A,
Q9BYC5_S_469_A,
Q9BUB5_K_78_M,
P37173_K_277_R,
P58753_P_125_H,
P09960_Q_135_A,
P09960_Q_135_L,
P09960_Q_137_A,
P09960_Q_137_L,
P09960_Q_137_N,
P09960_H_140_Q,
P09960_G_269_A,
P09960_G_270_A,
P09960_M_271_L,
P09960_E_272_A,
P09960_E_272_D,
P09960_E_272_Q,
P09960_N_273_A,
P09960_H_296_Y,
P09960_E_297_A,
P09960_E_297_K,
P09960_E_297_Q,
P09960_H_300_L,
P09960_E_319_A,
P09960_D_372_N,
P09960_D_374_N,
P09960_D_376_A,
P09960_D_376_E,
P09960_D_376_N,
P09960_E_385_Q,
P09960_R_564_A,
P09960_R_564_K,
P09960_R_564_M,
P09960_K_566_A,
P09960_K_566_M,
P09960_K_566_R,
Q9BU02_K_11_A,
Q9BU02_D_37_A,
Q9BU02_Y_39_A,
Q9BU02_W_53_A,
Q9BU02_K_65_A,
Q9BU02_Y_79_A,
Q9BU02_E_81_A,
Q9BU02_D_147_A,
Q9BU02_K_193_A,
P49903_T_85_A,
P62937_R_55_A,
P62937_F_60_A,
P62937_R_69_A,
P62937_H_70_A,
P62937_T_107_A,
P62937_F_113_A,
P62937_W_121_A,
P62937_W_121_E,
P62937_W_121_H,
P62937_H_126_A,
P09622_K_89_E,
P09622_H_383_A,
P09622_H_383_L,
P09622_D_448_A,
P09622_D_448_N,
P09622_E_466_A,
P09622_Y_473_A,
P09622_Y_473_F,
P09622_Y_473_H,
P09622_R_482_A,
P09622_S_491_A,
P09622_E_492_Q,
P09622_K_505_M,
Q92905_H_138_Q,
Q15126_K_17_M,
Q15126_R_18_Q,
Q15126_K_19_M,
Q15126_K_22_M,
Q15126_D_23_N,
Q15126_K_48_M,
Q15126_K_69_M,
Q15126_R_73_M,
Q15126_R_84_M,
Q15126_R_93_M,
Q15126_R_110_M,
Q15126_R_111_M,
Q15126_R_130_M,
Q15126_R_138_M,
Q15126_R_141_M,
P09467_D_119_A,
P09467_D_122_A,
P43250_I_6_A,
P43250_V_7_A,
P43250_N_9_A,
P43250_L_12_A,
P0DPD7_D_88_A,
P0DPD7_E_129_A,
P0DPD7_K_130_A,
P0DPD7_T_132_A,
P0DPD7_L_133_A,
P0DPD7_D_134_A,
Q9UK55_Y_408_A,
Q9UK53_W_378_A,
O75473_D_146_F,
O75473_D_170_F,
O75473_A_190_D,
Q13158_F_25_R,
Q13158_D_44_R,
Q9H611_K_234_A,
Q969G6_E_79_Q,
Q13535_K_2327_R,
Q13535_D_2475_A,
Q13535_D_2494_E,
P54278_E_41_A,
P54278_D_70_N,
P18054_H_355_Q,
P18054_H_360_Q,
P18054_H_360_Y,
P18054_H_365_Q,
P18054_H_383_Q,
P18054_H_392_Q,
P18054_H_540_Q,
P10721_R_381_A,
P10721_E_386_A,
P10721_Y_823_F,
P54619_D_90_A,
P54619_D_245_A,
P54619_D_317_A,
Q9Y5Y6_H_656_A,
Q9Y5Y6_D_711_A,
Q9Y5Y6_S_805_A,
P53671_D_451_A,
P53671_T_505_V,
Q76I76_C_392_S,
Q14149_E_35_A,
P10826_E_106_A,
P10826_R_113_A,
P10826_M_120_E,
P10826_T_123_V,
P10826_T_188_I,
P10826_I_191_V,
P10826_L_222_I,
P10826_G_223_D,
P10826_A_232_S,
P10826_K_365_E,
P10826_R_366_E,
P10826_R_367_E,
P10826_S_369_E,
P10826_K_370_E,
O43463_W_64_A,
O43463_Y_67_A,
Q13472_Y_362_F,
O95453_I_113_A,
O95453_F_115_A,
O95453_F_123_A,
O95453_D_292_A,
O95453_D_292_C,
O95453_K_326_A,
O95453_H_377_A,
O95453_D_382_A,
O95453_D_382_C,
O60343_R_972_K,
O60341_N_535_A,
O60341_H_564_A,
O60341_K_661_A,
O60341_Y_761_A,
Q9UBT6_D_198_A,
Q9UBT6_E_199_A,
P49407_R_169_E,
Q96D96_D_112_A,
Q96D96_D_112_F,
Q96D96_D_112_N,
Q96D96_D_112_S,
Q96D96_D_112_E,
Q96D96_D_112_V,
Q96D96_H_140_A,
Q96D96_H_193_A,
Q96D96_R_205_A,
Q96D96_R_208_A,
Q96D96_R_211_A,
Q9Y5K5_C_88_A,
Q9UHP3_K_99_R,
Q96PU4_K_548_R,
Q96PU4_C_735_S,
Q9BQF6_F_775_W,
Q9BQF6_V_779_E,
P34897_E_98_L,
P34897_K_103_R,
P34897_K_103_E,
P34897_Y_106_F,
P34897_K_280_R,
P34897_K_280_E,
P34897_K_302_R,
P34897_K_302_E,
P34897_K_356_R,
P34897_K_356_E,
P34897_K_464_R,
P34897_K_464_E,
P34897_K_469_R,
P34897_K_469_E,
P34897_K_474_R,
P34897_K_474_E,
Q9NWW6_K_16_A,
Q9NWW6_D_36_A,
Q9NWW6_D_56_A,
Q9NWW6_E_98_A,
Q9NWW6_D_138_A,
Q9Y2L1_D_146_N,
Q9Y2L1_D_487_N,
Q8TBK2_Y_285_A,
Q15438_E_157_A,
Q15438_E_157_K,
Q15438_Y_187_A,
Q15438_M_195_A,
O95671_S_19_A,
O95671_S_21_A,
O95671_R_23_A,
O95671_R_24_A,
O95671_E_44_A,
O95671_Y_57_A,
O95671_K_65_A,
O95671_D_88_A,
O95671_D_88_N,
O95671_E_99_A,
O95671_Q_179_A,
O95671_Q_179_E,
P41743_Y_265_F,
P41743_K_274_R,
P41743_K_274_W,
P41743_Y_280_F,
P41743_Y_334_F,
O14672_E_384_A,
Q8WXB1_D_94_A,
P15309_W_206_F,
P15309_W_206_L,
P11509_I_208_S,
P11509_S_213_A,
P11509_I_300_F,
P11509_G_301_A,
P11509_S_369_G,
P11509_R_372_H,
P55055_K_409_R,
P55055_K_447_R,
Q5S007_T_1343_G,
Q5S007_T_1348_N,
Q5S007_R_1398_Q,
Q5S007_R_1441_G,
Q5S007_Y_1699_C,
Q5S007_K_1906_A,
Q5S007_D_1994_A,
Q5S007_D_1994_N,
Q5S007_D_2017_A,
Q5S007_G_2019_S,
Q5S007_L_2343_D,
Q5S007_F_2344_A,
Q5S007_S_2345_D,
Q5S007_Y_2346_A,
Q5S007_H_2391_D,
Q5S007_R_2394_E,
Q5S007_E_2395_R,
Q9BVS5_D_335_A,
P06746_K_35_Q,
P06746_K_35_R,
P06746_Y_39_Q,
P06746_K_68_Q,
P06746_K_68_R,
P06746_K_72_Q,
P06746_K_72_R,
P06746_R_83_K,
P06746_K_84_R,
P06746_R_152_K,
P06744_S_185_A,
P06744_S_185_E,
P47989_R_881_M,
Q9NQW7_E_41_A,
Q9NQW7_W_477_E,
Q6P587_H_30_A,
Q6P587_E_33_A,
Q6P587_D_102_A,
Q6P587_R_106_A,
O00299_C_24_S,
O00299_C_59_S,
Q96EP0_C_699_S,
Q96EP0_C_702_S,
Q96EP0_C_871_S,
Q96EP0_C_874_S,
P52333_K_855_A,
P52333_Y_904_F,
P52333_Y_939_F,
O00444_K_41_M,
O00444_D_154_A,
Q04609_N_76_A,
Q04609_N_121_A,
Q04609_N_140_A,
Q04609_N_153_A,
Q04609_N_195_A,
Q04609_N_336_A,
Q04609_H_377_A,
Q04609_H_377_G,
Q04609_H_377_Q,
Q04609_D_379_E,
Q04609_D_379_N,
Q04609_D_387_E,
Q04609_D_387_L,
Q04609_D_387_N,
Q04609_P_388_A,
Q04609_E_424_A,
Q04609_E_424_D,
Q04609_E_424_Q,
Q04609_E_425_Q,
Q04609_E_425_D,
Q04609_D_453_N,
Q04609_D_453_L,
Q04609_D_453_Q,
Q04609_S_454_A,
Q04609_N_459_A,
Q04609_N_476_A,
Q04609_N_638_A,
Q04609_T_640_A,
P11802_T_172_A,
P11802_T_172_E,
P11802_P_173_S,
Q12809_F_29_A,
Q12809_Y_43_A,
P49916_K_410_E,
P49916_R_414_E,
P49914_K_10_A,
P49914_R_14_A,
P49914_E_61_A,
P49914_R_145_A,
P49914_Y_153_A,
P49914_D_154_A,
P0C0L5_L_1120_P,
P0C0L5_S_1121_C,
P0C0L5_I_1124_A,
P0C0L5_H_1125_A,
P0C0L5_H_1125_D,
Q8TAI7_D_60_K,
Q8TAI7_Q_64_L,
O75884_S_75_A,
P00973_K_66_A,
P00973_D_75_A,
P00973_D_77_A,
P00973_D_148_A,
P00973_E_233_A,
P00973_C_331_A,
P00973_F_332_A,
P00973_K_333_A,
O60502_Y_69_K,
O60502_Y_69_Q,
O60502_Y_69_S,
O60502_D_174_A,
O60502_D_175_A,
O60502_D_175_N,
O60502_V_255_G,
O60502_V_255_T,
O60502_Y_286_S,
O60502_D_287_A,
O60502_W_679_N,
P42345_S_2159_A,
P42345_S_2159_D,
P42345_T_2164_A,
P42345_T_2164_E,
P42345_T_2173_A,
P42345_H_2340_A,
P42345_D_2357_E,
P42345_V_2364_I,
Q86W56_N_740_A,
Q86W56_E_755_A,
Q86W56_E_756_A,
Q86W56_A_874_W,
Q86W56_F_875_A,
P39748_R_29_A,
P39748_D_34_A,
P39748_R_47_A,
P39748_R_70_A,
P39748_R_73_A,
P39748_K_80_A,
P39748_D_86_A,
P39748_R_103_A,
P39748_E_158_A,
P39748_D_179_A,
P39748_D_181_A,
P39748_G_231_A,
P39748_D_233_A,
Q15907_S_25_N,
Q15907_Q_70_L,
O15294_W_208_E,
O15294_I_211_D,
O15294_H_508_A,
O15294_H_568_A,
O15294_H_911_A,
Q6B8I1_C_129_S,
Q8NBL1_G_169_E,
P83110_S_305_A,
Q9Y3D8_H_79_G,
O75460_K_599_A,
Q9H3H5_P_30_S,
Q9H3H5_I_69_N,
Q9H3H5_A_114_G,
Q9H3H5_D_115_A,
Q9H3H5_D_115_N,
Q9H3H5_D_115_E,
Q9H3H5_D_116_A,
Q9H3H5_D_116_N,
Q9H3H5_W_122_A,
Q9H3H5_K_125_A,
Q9H3H5_K_125_E,
Q9H3H5_K_125_N,
Q9H3H5_L_168_P,
Q9H3H5_N_182_A,
Q9H3H5_N_185_A,
Q9H3H5_N_185_D,
Q9H3H5_D_252_A,
Q9H3H5_V_264_M,
Q9H3H5_R_301_C,
Q9H3H5_R_301_H,
Q9H3H5_H_302_A,
Q9H3H5_R_303_A,
Q9H3H5_L_385_R,
P00374_L_23_R,
P27708_H_1471_A,
P27708_H_1471_N,
P27708_H_1473_A,
P27708_D_1512_N,
P27708_T_1562_A,
P27708_F_1563_A,
P27708_H_1590_A,
P27708_H_1590_N,
P27708_C_1613_S,
P27708_H_1614_A,
P27708_E_1637_T,
P27708_H_1642_N,
P27708_D_1686_N,
P27708_H_1690_N,
Q86XR7_P_116_H,
Q86XR7_C_117_H,
Q86XR7_Y_154_F,
Q86XR7_Y_167_F,
Q13285_A_269_F,
Q13285_G_341_E,
Q13285_L_344_F,
Q13285_A_433_F,
Q13285_Y_436_F,
Q13285_K_440_A,
O75608_S_119_A,
P49137_K_93_R,
P49137_D_207_A,
P49137_T_222_A,
P49137_T_222_D,
P49137_T_222_E,
P49137_S_272_A,
P49137_S_272_D,
P49137_T_334_A,
P49137_T_334_D,
P49137_T_334_E,
P49137_K_353_R,
O75604_C_276_A,
O75604_H_549_A,
Q53EL6_E_174_A,
Q53EL6_E_210_A,
Q53EL6_L_252_A,
Q53EL6_D_253_A,
Q53EL6_P_255_A,
Q53EL6_M_333_A,
Q53EL6_E_337_A,
Q53EL6_L_340_A,
Q53EL6_F_359_A,
Q53EL6_H_361_A,
Q53EL6_D_414_A,
Q53EL6_D_418_A,
Q53EL6_P_420_A,
Q96KS0_H_297_A,
Q96KS0_D_299_A,
Q96KS0_H_358_A,
Q96KS0_R_367_A,
Q96KS0_R_367_K,
P01375_L_105_S,
P01375_R_108_W,
P01375_L_112_F,
P01375_A_160_V,
P01375_S_162_F,
P01375_V_167_A,
P01375_V_167_D,
P01375_E_222_K,
Q9H9G7_E_638_A,
Q9Y5Z0_D_110_A,
Q9Y5Z0_D_110_N,
Q9Y5Z0_D_303_A,
Q9H4M9_K_483_E,
Q9H4M9_W_485_A,
Q6PIW4_K_447_A,
Q6PIW4_D_500_A,
Q8N4J0_F_313_A,
Q8N4J0_D_316_A,
Q8N4J0_D_316_E,
Q8N4J0_D_316_N,
Q8N4J0_P_343_A,
Q8N4J0_L_345_A,
Q8N4J0_H_347_A,
Q8N4J0_H_347_F,
Q8N4J0_Y_386_A,
Q8N4J0_Y_386_F,
Q8N4J0_Y_386_W,
Q8N4J0_Y_396_A,
Q8N4J0_Y_396_D,
Q8N4J0_Y_398_A,
Q8N4J0_Y_398_F,
Q99418_E_156_D,
A1Z1Q3_N_92_A,
A1Z1Q3_G_100_A,
A1Z1Q3_D_102_A,
A1Z1Q3_H_106_A,
A1Z1Q3_G_188_E,
P21397_C_165_S,
P21397_C_266_S,
P21397_C_306_S,
P21397_C_321_S,
P21397_C_323_S,
P21397_C_374_S,
P21397_C_398_S,
P21397_C_406_S,
P61006_Q_67_L,
P21399_C_300_S,
P21399_C_503_S,
P21399_C_506_S,
P21399_S_778_A,
P48775_Y_42_A,
P48775_Y_45_A,
P48775_F_72_A,
P48775_H_76_A,
P48775_F_140_A,
P48775_R_144_A,
P48775_S_151_A,
P48775_Y_175_G,
P48775_H_328_A,
Q96BY9_E_148_A,
Q9NUI1_D_86_A,
Q9NUI1_D_137_A,
Q9NUI1_D_186_A,
Q9NUI1_D_268_A,
Q9H5Q4_G_105_A,
Q9H5Q4_R_330_A,
Q9H5Q4_R_331_A,
P14550_Y_50_F,
P14550_Y_50_H,
P14550_K_80_M,
P14550_H_113_Q,
P14550_I_299_A,
P14550_I_299_C,
P14550_V_300_C,
Q06830_T_90_D,
P49748_F_458_T,
P49748_F_458_V,
P49748_F_458_Y,
P49748_E_462_D,
P49748_E_462_Q,
Q9P0U3_D_441_A,
Q9P0U3_W_465_A,
Q9P0U3_D_468_A,
Q9P0U3_F_496_A,
Q9P0U3_R_511_A,
Q9P0U3_W_512_A,
Q9P0U3_H_529_A,
Q9P0U3_V_532_A,
Q9P0U3_H_533_A,
Q9P0U3_W_534_A,
Q9P0U3_D_550_A,
Q9P0U3_Q_597_A,
Q9P0U3_C_603_A,
Q9P0U3_C_603_S,
Q9BV47_C_152_A,
Q9BV47_C_152_S,
Q9H6E5_D_216_A,
Q9H6E5_D_218_A,
Q9H6E5_R_779_A,
Q9H6E5_R_783_A,
P30419_G_492_D,
P30419_G_492_K,
P15374_C_95_S,
P17787_F_197_Y,
Q9NQV7_D_199_Y,
Q9NQV7_K_374_D,
P07602_I_240_C,
P56192_R_857_A,
P56192_K_863_A,
P56192_K_866_A,
Q9H2G2_K_63_R,
P35869_R_40_D,
P35869_L_50_D,
P35869_V_74_D,
P35869_A_79_D,
P35869_F_82_D,
P35869_L_118_D,
P35869_L_122_D,
P35869_F_136_D,
P35869_I_154_D,
P28065_K_53_A,
P00966_K_165_Q,
P00966_K_165_R,
P00966_K_176_Q,
P00966_K_176_R,
Q15382_E_40_G,
Q15382_F_43_C,
Q15382_T_48_A,
Q15382_V_49_A,
Q15382_E_53_A,
Q15382_Y_54_A,
Q15382_L_56_A,
Q15382_Q_64_L,
P10253_W_516_R,
P10253_D_518_G,
P10253_D_518_N,
P10253_D_518_E,
P35916_T_446_E,
P35916_K_516_A,
Q9H0U4_I_73_N,
Q9H0U4_Y_78_D,
Q9H0U4_A_81_D,
Q9P2M4_R_472_A,
Q9P2M4_Q_508_A,
Q9Y4K3_C_70_A,
Q9Y4K3_R_88_A,
Q9Y4K3_F_118_A,
Q9Y4K3_F_118_W,
Q9Y4K3_F_118_Y,
Q9Y4K3_F_122_A,
P27487_N_85_A,
P27487_N_92_A,
P27487_N_150_A,
P27487_E_205_K,
P27487_E_206_L,
P27487_N_219_A,
P27487_N_229_A,
P27487_N_281_A,
P27487_N_321_A,
P27487_N_520_A,
P27487_N_685_A,
P27487_H_750_A,
P27487_H_750_E,
Q9UK39_N_149_A,
Q9UK39_D_160_A,
Q9UK39_K_219_A,
Q9UK39_H_286_A,
Q9UK39_H_286_N,
Q9UK39_K_288_A,
Q9UK39_R_290_A,
Q9UK39_D_324_A,
Q9UK39_N_326_A,
Q9UK39_K_365_A,
Q9UK39_R_367_A,
P00367_S_501_A,
P00813_L_58_A,
P00813_D_60_A,
P00813_F_61_A,
P00813_L_62_A,
P00813_K_64_A,
P00813_F_65_A,
P00813_D_66_A,
P00813_M_69_A,
P00813_I_115_A,
P00813_N_118_A,
P00813_M_155_A,
P00813_H_157_A,
P00813_G_184_Q,
P00813_D_185_A,
P00813_L_194_A,
Q09328_E_280_A,
Q09328_E_287_A,
Q09328_E_297_A,
Q09328_E_429_A,
Q09328_E_520_A,
Q09328_E_526_A,
Q7L0Q8_Q_107_L,
Q59H18_K_490_R,
P54922_S_54_A,
P54922_D_55_N,
P54922_D_56_N,
P54922_D_302_N,
P54922_S_305_A,
P08559_S_293_A,
Q9H492_G_120_A,
O96013_S_445_N,
O96013_S_474_E,
O94923_Y_146_A,
O94923_Y_162_A,
O94923_Y_168_A,
O94923_Y_210_A,
O94923_Y_222_A,
O94923_E_499_Q,
O94923_Y_500_F,
O94923_Y_578_F,
P42126_E_178_A,
Q99714_S_20_F,
Q99714_K_172_A,
P14780_E_402_Q,
P27707_A_100_V,
P27707_R_104_L,
P27707_R_104_M,
P27707_D_133_A,
P11310_L_86_M,
P11310_L_98_W,
P11310_L_100_Y,
P11310_I_108_M,
P11310_W_191_A,
P11310_W_191_F,
P11310_E_237_A,
P11310_E_384_A,
P11310_E_384_Q,
P11310_E_401_Q,
P11310_E_401_T,
P11597_T_155_Y,
P11597_V_215_W,
P11597_R_218_S,
P11597_S_247_A,
P11597_L_313_Q,
P11597_V_433_R,
Q16832_K_608_A,
Q16832_Y_736_F,
Q16832_Y_740_F,
Q16832_Y_741_F,
O95477_S_100_C,
O95477_F_593_L,
O95477_K_939_M,
O95477_T_1512_M,
O95477_K_1952_M,
P49366_N_106_A,
P49366_S_109_A,
P49366_E_137_A,
P49366_D_238_A,
P49366_D_243_A,
P49366_K_287_A,
P49366_H_288_A,
P49366_Y_305_A,
P49366_D_316_A,
P49366_S_317_A,
P49366_E_323_A,
P49366_W_327_A,
P49366_K_329_A,
P49366_K_329_R,
P49366_D_342_A,
P26196_E_247_Q,
P26196_R_386_E,
P11441_L_43_A,
O95786_T_55_I,
O95786_K_270_A,
O95786_K_788_R,
O95786_K_849_R,
O95786_K_851_R,
O95786_K_888_R,
O95786_K_907_R,
O95786_K_909_R,
P61077_N_77_S,
P61077_C_85_A,
P61077_D_87_E,
P61077_D_87_P,
P61077_D_87_K,
P61077_D_87_N,
P61077_D_117_H,
O43314_R_213_A,
O43314_R_213_K,
O43314_K_248_A,
O43314_R_262_A,
Q9NUW8_H_263_A,
Q9NUW8_K_265_A,
Q9NUW8_K_265_S,
Q9NUW8_N_283_A,
Q9NUW8_Q_294_A,
Q9NUW8_H_493_A,
Q9NUW8_H_493_N,
Q9NUW8_K_495_A,
Q9NUW8_K_495_S,
Q9NUW8_N_516_A,
Q9NUW8_E_538_A,
Q8IXI2_P_13_V,
Q8IXI2_T_18_N,
Q8IXI2_K_427_V,
Q8IXI2_S_432_N,
O43318_K_63_W,
O14656_E_171_Q,
P22830_F_110_A,
P22830_C_196_S,
P22830_C_360_S,
P22830_C_395_S,
P22830_C_403_D,
P22830_C_403_H,
P22830_C_406_D,
P22830_C_406_H,
P22830_C_406_S,
P22830_C_411_H,
P22830_C_411_S,
P22830_F_417_L,
P22830_F_417_Y,
P22830_F_417_W,
P61586_G_14_V,
P61586_Q_63_L,
Q96E22_H_100_A,
Q96E22_G_292_A,
Q9ULG1_E_653_Q,
P31751_T_309_E,
Q86XE5_S_77_A,
Q86XE5_S_77_T,
Q86XE5_N_78_A,
Q86XE5_N_78_Q,
Q86XE5_Y_140_F,
Q86XE5_Y_168_F,
Q86XE5_K_196_A,
Q86XE5_S_198_A,
Q86XE5_S_198_T,
Q9H6P5_D_233_A,
Q9H6P5_T_234_A,
P51668_K_4_E,
P51668_D_42_R,
P51668_F_62_A,
P51668_D_87_R,
P51668_S_94_E,
P51668_T_98_E,
P51668_D_112_R,
P51668_D_116_R,
P51668_D_117_R,
Q969V5_H_319_A,
Q969V5_C_339_A,
Q96PS8_E_27_Q,
Q96PS8_G_73_A,
Q96PS8_G_73_F,
Q96PS8_S_77_A,
Q96PS8_S_77_D,
Q96PS8_H_80_A,
Q96PS8_F_85_A,
Q96PS8_R_94_A,
Q9H0R8_G_116_A,
Q9UMR2_E_243_Q,
O15264_T_180_A,
O15264_Y_182_A,
O95881_C_66_S,
O95881_C_69_S,
O75449_K_255_A,
O75449_D_308_N,
O75449_E_309_N,
P20591_K_83_A,
P20591_K_83_M,
P20591_T_103_A,
P20591_L_612_K,
P20591_E_632_A,
P20591_R_640_A,
P20591_E_645_R,
P17612_K_48_R,
P17612_L_96_Q,
P17612_M_121_L,
P17612_V_124_A,
P17612_Q_182_K,
P17612_T_184_A,
P17612_R_195_A,
P17612_G_201_A,
P17612_T_202_A,
P35270_S_213_A,
Q92820_C_134_A,
Q92820_H_195_N,
Q92820_H_244_A,
Q92820_E_246_A,
P17948_K_861_M,
P17948_N_1050_D,
Q15084_C_55_S,
Q15084_C_58_A,
Q15084_C_58_S,
Q15084_C_190_S,
Q15084_C_193_A,
Q15084_C_193_S,
Q14289_K_457_A,
P45452_E_223_A,
Q9BRA2_C_43_S,
Q9BRA2_C_46_S,
P41220_L_79_A,
P41220_E_86_A,
P41220_L_87_A,
P41220_S_90_A,
P41220_K_102_A,
P41220_F_105_A,
P41220_I_110_A,
P41220_E_111_A,
P41220_L_114_A,
P41220_N_149_A,
P41222_K_59_A,
P41222_M_64_A,
P41222_C_65_A,
P41222_L_79_A,
P41222_F_83_A,
P41222_L_131_A,
P41222_Y_149_A,
P11309_H_68_Y,
P11309_P_81_S,
P11309_N_82_K,
P11309_L_193_F,
P41240_Y_304_F,
P20339_Q_79_L,
P41594_S_613_A,
P41594_S_613_K,
P41594_S_614_D,
P41594_K_665_A,
P41594_E_770_A,
Q9NZ08_Y_438_F,
Q96HE7_C_85_A,
Q96HE7_C_85_S,
Q96HE7_C_241_A,
Q96HE7_C_241_S,
Q96HE7_N_280_A,
Q96HE7_N_384_A,
Q96HE7_C_391_A,
Q96HE7_C_394_A,
Q96HE7_F_395_D,
Q96HE7_C_397_A,
Q13485_R_416_S,
Q13485_R_496_S,
Q13485_R_502_S,
O75151_H_249_A,
O75151_Y_321_H,
Q16539_A_34_V,
Q16539_K_53_R,
Q16539_K_54_R,
Q16539_Y_69_H,
Q16539_D_168_A,
Q16539_T_175_A,
Q16539_D_176_A,
Q16539_D_177_A,
Q16539_T_180_E,
Q16539_Y_182_F,
Q16539_A_320_T,
Q16539_F_327_L,
Q16539_F_327_S,
Q16539_W_337_R,
P21860_K_742_M,
P22607_K_508_A,
P22607_Y_577_F,
P22607_K_650_D,
P22607_K_650_L,
P22607_Y_724_F,
Q16288_K_572_N,
Q9NYV4_D_877_N,
P20592_T_151_A,
Q96PZ0_D_294_A,
Q9BQ69_D_160_A,
Q9BQ69_D_167_A,
Q9BQ69_N_171_A,
Q9BQ69_N_174_A,
Q9BQ69_D_184_A,
Q9BQ69_H_188_A,
Q9BQ69_S_268_A,
Q9BQ69_G_270_E,
Q9BQ65_H_120_A,
Q9BQ65_H_208_A,
Q14974_I_178_A,
Q14974_I_178_F,
Q14974_I_178_D,
P21266_Y_120_A,
P21266_Y_120_F,
P21266_N_213_F,
P21266_N_213_G,
A2RUC4_R_108_A,
A2RUC4_R_149_A,
Q460N3_H_559_Y,
Q460N3_G_560_A,
Q460N3_Y_604_C,
Q9UJX2_N_339_A,
Q9UJX2_E_374_A,
Q16665_S_247_A,
Q16665_S_247_D,
Q16665_L_795_A,
